experiment_dir,n_uid_pairs,icc
bongard_ow_dvrl_ablation_6x6,100,0.391
Bongard-OpenWorld_multi_pos,50,0.277
bongard_ow_single_mistral_comp_eval_llama32_visioin_11b,55,0.267
bongard_ow_single_mistral_comp_eval_deepseeek_r1_14b,55,0.207
bongard_ow_single_comp_eval_gemma3_27b,248,0.206
bongard_ow_single_comp_eval_deepseeek_llm_67b,248,0.202
bongard_ow_single_mistral_comp_eval_phi4_14b,55,0.182
bongard_ow_single_mistral_comp_eval_llava34b,55,0.162
bongard_ow_single_gemini,249,0.161
bongard_ow_single_mistral_comp_eval_llama32_vision_90b,55,0.16
bongard_ow_single_mistral_comp_eval_llava7b_8196,55,0.159
Bongard_OpenWorld_single_mistral,249,0.143
bongard_ow_single_comp_eval_gemma3_4b,248,0.141
bongard_ow_multi_groundeval_gpt-4o-2024-08-06,249,0.14
Bongard_ow_multi_test,249,0.127
bongard_ow_single_comp_eval_qwen2.5vl_32b,248,0.123
bongard_ow_single_comp_eval_deepseeek_r1_8b,248,0.114
bongard_ow_single_comp_eval_phi3_14b,248,0.109
bongard_ow_single_comp_eval_qwen25_32b,248,0.105
Bongard_OpenWorld_single,249,0.102
Bongard_OpenWorld_single_comp_eval_mistral,248,0.095
bongard_ow_multi_gemini,249,0.093
bongard_ow_single_comp_eval_deepseeek_r1_14b,248,0.09
bongard_ow_single_comp_eval_qwen_32b,248,0.089
bongard_ow_multi_test_gemini,249,0.086
bongard_ow_single_comp_eval_gemma3_12b,248,0.085
bongard_ow_single_comp_eval_llama11b,248,0.082
bongard_ow_single_comp_eval_deepseeek_r1_32b,248,0.077
bongard_ow_single_comp_eval_qwen2_72b,248,0.069
bongard_ow_single_comp_eval_qwen2.5vl_3b,248,0.06
Bongard-OpenWorld_multi_eval_rule_llava13b,249,0.057
bongard_ow_multi_eval_rule_llava_llama3,249,0.057
bongard_ow_single_comp_eval_llava7b_8196,248,0.054
bongard_ow_single_comp_eval_gemma2_27b,248,0.046
Bongard-OpenWorld_multi,249,0.045
bongard_ow_single_gemma3_4b,249,0.037
Bongard-OpenWorld_multi_eval_rule_ollama,249,0.034
bongard_ow_single_comp_eval_phi4_14b,248,0.023
bongard_ow_dvrl_ablation_4x4,100,0.02
bongard_ow_multi_groundeval,246,0.019
bongard_ow_single_comp_eval_qwen2_7b,248,0.015
bongard_ow_multi_eval_rule_llava7b,249,0.013
Bongard-OpenWorld_multi_eval_rule_llava34b,249,0.01
bongard_ow_single_comp_eval_llama3_70b,248,0.004
bongard_ow_single_llama32_vision_90b_1,240,-0.006
bongard_ow_single_comp_eval_qwen25_14b,248,-0.01
bongard_ow_single_comp_eval_deepseeek_v2_16b,248,-0.011
bongard_ow_single_comp_eval_llama3_8b,248,-0.011
bongard_ow_single_comp_eval_llama90b,248,-0.012
bongard_ow_single_comp_eval_qwen2.5vl_7b,248,-0.016
bongard_ow_single_comp_eval_llama32_3b,248,-0.017
bongard_ow_single_comp_eval_gemma3_1b,248,-0.025
bongard_ow_single_eval_rule_mistral,249,-0.026
Bongard_OpenWorld_single_ollama,249,-0.03
bongard_ow_single_comp_eval_llava_llama3,248,-0.031
bongard_ow_single_comp_eval_gemma_7b,248,-0.032
bongard_ow_single_comp_eval_mistral_7b,248,-0.036
bongard_ow_single_comp_eval_gemma2_9b,248,-0.041
bongard_ow_single_comp_eval_deepseeek_llm_7b,248,-0.042
bongard_ow_single_comp_eval_qwen25_72b,248,-0.05
bongard_ow_single_comp_eval_llama31_8b,248,-0.056
bongard_ow_single_comp_eval_llama33_70b,248,-0.058
bongard_ow_single_comp_eval_llama31_70b,248,-0.063
bongard_ow_single_llava-llama3,249,-0.074
bongard_ow_single_comp_eval_deepseeek_r1_70b,248,-0.076
bongard_ow_single_mistral_comp_eval_phi3_14b,55,-0.08
bongard_ow_single_mistral_comp_eval_qwen25_14b,55,-0.086
Bongard-OpenWorld_multi_eval_rule_ollama90b,249,-0.087
ollama-0.9/Bongard-OpenWorld_multi_eval_rule_ollama90b,249,-0.088
bongard_ow_single_llava7b,249,-0.09
bongard_ow_dvrl_ablation_2x2,100,-0.092
bongard_ow_single_comp_eval_qwen25_7b,248,-0.095
bongard_ow_single_comp_eval_llava34b,248,-0.097
bongard_ow_single_comp_eval_llama2_70b,248,-0.101
Bongard_OpenWorld_single_mistral_noise_1,56,-0.128
bongard_ow_single_llava13b,107,-0.152
bongard_ow_single_gemma3_12b,249,-0.206
bongard_ow_single_comp_eval_llava13b_4096,133,-0.213
bongard_ow_single_comp_eval_llava13b,248,-0.22
bongard_ow_single_comp_eval_llama2_13b,248,-0.237
Bongard_ow_multi_test_cot,249,-0.268
bongard_ow_single_comp_eval_llama2_7b,248,-0.437
