test_id,uid,n_concept_words,cov2,cov3
0000_neg_0,0,2,1.0,0.5
0000_pos_0,0,2,1.0,0.5
0001_neg_0,1,2,1.0,1.0
0001_pos_0,1,2,1.0,1.0
0002_neg_0,2,4,0.75,0.75
0002_pos_0,2,4,0.75,0.75
0003_neg_0,3,3,0.6666666666666666,0.6666666666666666
0003_pos_0,3,3,0.6666666666666666,0.6666666666666666
0004_neg_0,4,4,1.0,1.0
0004_pos_0,4,4,1.0,1.0
0005_neg_0,5,2,1.0,1.0
0005_pos_0,5,2,1.0,1.0
0006_neg_0,6,3,1.0,1.0
0006_pos_0,6,3,1.0,1.0
0007_neg_0,7,2,1.0,1.0
0007_pos_0,7,2,1.0,1.0
0008_neg_0,8,4,1.0,1.0
0008_pos_0,8,4,1.0,1.0
0009_neg_0,9,3,0.6666666666666666,0.6666666666666666
0009_pos_0,9,3,0.6666666666666666,0.6666666666666666
0010_neg_0,10,2,0.0,0.0
0010_pos_0,10,2,0.0,0.0
0011_neg_0,11,3,0.6666666666666666,1.0
0011_pos_0,11,3,0.6666666666666666,1.0
0012_neg_0,12,2,0.5,0.5
0012_pos_0,12,2,0.5,0.5
0013_neg_0,13,4,1.0,0.75
0013_pos_0,13,4,1.0,1.0
0014_neg_0,14,3,1.0,1.0
0014_pos_0,14,3,1.0,1.0
0015_neg_0,15,3,0.6666666666666666,1.0
0015_pos_0,15,3,0.6666666666666666,1.0
0016_neg_0,16,3,1.0,1.0
0016_pos_0,16,3,1.0,1.0
0017_neg_0,17,3,0.3333333333333333,0.3333333333333333
0017_pos_0,17,3,0.0,0.3333333333333333
0018_neg_0,18,3,1.0,1.0
0018_pos_0,18,3,1.0,1.0
0019_neg_0,19,5,0.8,1.0
0019_pos_0,19,5,0.8,0.6
0020_neg_0,20,3,1.0,1.0
0020_pos_0,20,3,1.0,1.0
0021_neg_0,21,4,0.75,0.75
0021_pos_0,21,4,0.75,0.75
0022_neg_0,22,2,0.5,0.5
0022_pos_0,22,2,1.0,1.0
0023_neg_0,23,2,1.0,0.5
0023_pos_0,23,2,1.0,1.0
0024_neg_0,24,4,0.75,0.75
0024_pos_0,24,4,0.75,0.75
0025_neg_0,25,3,1.0,1.0
0025_pos_0,25,3,1.0,1.0
0026_neg_0,26,4,1.0,1.0
0026_pos_0,26,4,1.0,1.0
0027_neg_0,27,4,0.75,0.75
0027_pos_0,27,4,0.75,0.75
0028_neg_0,28,2,1.0,1.0
0028_pos_0,28,2,1.0,1.0
0029_neg_0,29,5,0.6,0.6
0029_pos_0,29,5,0.8,0.8
0030_neg_0,30,4,0.5,0.5
0030_pos_0,30,4,0.5,0.5
0031_neg_0,31,3,0.6666666666666666,0.6666666666666666
0031_pos_0,31,3,0.6666666666666666,0.6666666666666666
0032_neg_0,32,4,0.75,0.75
0032_pos_0,32,4,0.75,0.75
0033_neg_0,33,3,0.6666666666666666,1.0
0033_pos_0,33,3,0.6666666666666666,1.0
0034_neg_0,34,3,1.0,1.0
0034_pos_0,34,3,1.0,1.0
0035_neg_0,35,3,1.0,1.0
0035_pos_0,35,3,1.0,1.0
0036_neg_0,36,5,1.0,1.0
0036_pos_0,36,5,1.0,1.0
0037_neg_0,37,4,0.75,0.5
0037_pos_0,37,4,0.5,0.5
0038_neg_0,38,4,1.0,1.0
0038_pos_0,38,4,1.0,1.0
0039_neg_0,39,2,1.0,0.5
0039_pos_0,39,2,1.0,0.5
0040_neg_0,40,3,1.0,1.0
0040_pos_0,40,3,1.0,1.0
0041_neg_0,41,4,1.0,1.0
0041_pos_0,41,4,1.0,1.0
0042_neg_0,42,3,0.6666666666666666,0.6666666666666666
0042_pos_0,42,3,0.6666666666666666,1.0
0043_neg_0,43,3,0.6666666666666666,0.6666666666666666
0043_pos_0,43,3,0.6666666666666666,1.0
0044_neg_0,44,4,0.5,0.5
0044_pos_0,44,4,0.5,0.5
0045_neg_0,45,3,0.6666666666666666,0.6666666666666666
0045_pos_0,45,3,0.6666666666666666,1.0
0046_neg_0,46,4,0.5,0.5
0046_pos_0,46,4,0.5,0.5
0047_neg_0,47,4,0.75,0.75
0047_pos_0,47,4,0.75,0.75
0048_neg_0,48,2,1.0,1.0
0048_pos_0,48,2,1.0,1.0
0049_neg_0,49,3,0.3333333333333333,0.3333333333333333
0049_pos_0,49,3,0.3333333333333333,0.0
0050_neg_0,50,2,1.0,1.0
0050_pos_0,50,2,1.0,1.0
0051_neg_0,51,3,0.6666666666666666,1.0
0051_pos_0,51,3,1.0,1.0
0052_neg_0,52,3,0.6666666666666666,0.6666666666666666
0052_pos_0,52,3,0.6666666666666666,0.6666666666666666
0053_neg_0,53,3,1.0,1.0
0053_pos_0,53,3,1.0,1.0
0054_neg_0,54,2,1.0,1.0
0054_pos_0,54,2,1.0,1.0
0055_neg_0,55,4,0.5,0.75
0055_pos_0,55,4,0.75,0.75
0056_neg_0,56,4,1.0,1.0
0056_pos_0,56,4,1.0,1.0
0057_neg_0,57,3,1.0,1.0
0057_pos_0,57,3,1.0,1.0
0058_neg_0,58,5,0.8,0.8
0058_pos_0,58,5,0.8,0.8
0059_neg_0,59,4,0.75,0.75
0059_pos_0,59,4,0.75,0.75
0060_neg_0,60,4,0.75,0.75
0060_pos_0,60,4,0.75,0.75
0061_neg_0,61,3,1.0,1.0
0061_pos_0,61,3,1.0,1.0
0062_neg_0,62,3,1.0,0.6666666666666666
0062_pos_0,62,3,1.0,1.0
0063_neg_0,63,2,1.0,1.0
0063_pos_0,63,2,1.0,1.0
0064_neg_0,64,2,1.0,1.0
0064_pos_0,64,2,1.0,1.0
0065_neg_0,65,3,1.0,1.0
0065_pos_0,65,3,1.0,1.0
0066_neg_0,66,3,1.0,0.6666666666666666
0066_pos_0,66,3,1.0,1.0
0067_neg_0,67,2,1.0,1.0
0067_pos_0,67,2,1.0,1.0
0068_neg_0,68,3,0.6666666666666666,0.6666666666666666
0068_pos_0,68,3,0.6666666666666666,0.6666666666666666
0069_neg_0,69,3,0.6666666666666666,0.6666666666666666
0069_pos_0,69,3,0.6666666666666666,0.6666666666666666
0070_neg_0,70,4,1.0,0.75
0070_pos_0,70,4,0.75,1.0
0071_neg_0,71,2,1.0,1.0
0071_pos_0,71,2,1.0,1.0
0072_neg_0,72,5,0.8,0.8
0072_pos_0,72,5,0.8,0.8
0073_neg_0,73,5,1.0,1.0
0073_pos_0,73,5,1.0,1.0
0074_neg_0,74,3,1.0,1.0
0074_pos_0,74,3,1.0,1.0
0075_neg_0,75,3,0.6666666666666666,0.6666666666666666
0075_pos_0,75,3,0.6666666666666666,0.6666666666666666
0076_neg_0,76,2,0.5,1.0
0076_pos_0,76,2,1.0,0.5
0077_neg_0,77,2,0.5,0.0
0077_pos_0,77,2,0.5,0.0
0078_neg_0,78,2,1.0,1.0
0078_pos_0,78,2,1.0,1.0
0079_neg_0,79,2,0.5,0.5
0079_pos_0,79,2,0.5,0.5
0080_neg_0,80,2,0.5,0.5
0080_pos_0,80,2,0.5,0.5
0081_neg_0,81,4,0.5,0.75
0081_pos_0,81,4,0.5,0.75
0082_neg_0,82,4,0.5,0.75
0082_pos_0,82,4,0.5,0.75
0083_neg_0,83,3,0.6666666666666666,0.6666666666666666
0083_pos_0,83,3,0.6666666666666666,0.6666666666666666
0084_neg_0,84,4,1.0,1.0
0084_pos_0,84,4,1.0,1.0
0085_neg_0,85,3,1.0,1.0
0085_pos_0,85,3,1.0,1.0
0086_neg_0,86,2,1.0,1.0
0086_pos_0,86,2,1.0,1.0
0087_neg_0,87,3,1.0,1.0
0087_pos_0,87,3,1.0,1.0
0088_neg_0,88,2,1.0,1.0
0088_pos_0,88,2,1.0,1.0
0089_neg_0,89,3,1.0,1.0
0089_pos_0,89,3,1.0,1.0
0090_neg_0,90,2,1.0,1.0
0090_pos_0,90,2,1.0,1.0
0091_neg_0,91,2,0.5,0.5
0091_pos_0,91,2,0.5,0.5
0092_neg_0,92,3,0.6666666666666666,1.0
0092_pos_0,92,3,1.0,1.0
0093_neg_0,93,4,1.0,1.0
0093_pos_0,93,4,1.0,1.0
0094_neg_0,94,3,1.0,1.0
0094_pos_0,94,3,1.0,1.0
0095_neg_0,95,3,0.6666666666666666,0.6666666666666666
0095_pos_0,95,3,0.6666666666666666,0.6666666666666666
0096_neg_0,96,3,1.0,0.6666666666666666
0096_pos_0,96,3,1.0,1.0
0097_neg_0,97,4,0.75,1.0
0097_pos_0,97,4,0.75,0.75
0098_neg_0,98,4,1.0,1.0
0098_pos_0,98,4,1.0,1.0
0099_neg_0,99,3,0.6666666666666666,0.6666666666666666
0099_pos_0,99,3,0.6666666666666666,0.6666666666666666
0100_neg_0,100,3,0.3333333333333333,0.6666666666666666
0100_pos_0,100,3,0.3333333333333333,0.3333333333333333
0101_neg_0,101,3,1.0,1.0
0101_pos_0,101,3,1.0,1.0
0102_neg_0,102,4,0.5,0.5
0102_pos_0,102,4,0.5,0.5
0103_neg_0,103,2,1.0,1.0
0103_pos_0,103,2,1.0,1.0
0104_neg_0,104,4,0.5,0.75
0104_pos_0,104,4,0.5,0.75
0105_neg_0,105,2,0.5,0.5
0105_pos_0,105,2,0.5,0.5
0106_neg_0,106,3,1.0,1.0
0106_pos_0,106,3,1.0,1.0
0107_neg_0,107,4,0.75,0.5
0107_pos_0,107,4,1.0,0.5
0108_neg_0,108,3,1.0,1.0
0108_pos_0,108,3,1.0,1.0
0109_neg_0,109,4,0.5,0.25
0109_pos_0,109,4,0.75,0.5
0110_neg_0,110,4,1.0,1.0
0110_pos_0,110,4,1.0,1.0
0111_neg_0,111,2,1.0,1.0
0111_pos_0,111,2,1.0,1.0
0112_neg_0,112,4,1.0,1.0
0112_pos_0,112,4,1.0,1.0
0113_neg_0,113,4,0.75,0.5
0113_pos_0,113,4,0.5,0.5
0114_neg_0,114,4,1.0,1.0
0114_pos_0,114,4,1.0,1.0
0115_neg_0,115,4,0.75,0.75
0115_pos_0,115,4,0.75,0.75
0116_neg_0,116,3,1.0,1.0
0116_pos_0,116,3,1.0,1.0
0117_neg_0,117,2,1.0,1.0
0117_pos_0,117,2,1.0,1.0
0118_neg_0,118,4,0.5,0.5
0118_pos_0,118,4,0.5,0.75
0119_neg_0,119,2,1.0,1.0
0119_pos_0,119,2,1.0,1.0
0120_neg_0,120,2,0.5,1.0
0120_pos_0,120,2,0.5,0.5
0121_neg_0,121,4,1.0,1.0
0121_pos_0,121,4,1.0,1.0
0122_neg_0,122,3,0.3333333333333333,0.3333333333333333
0122_pos_0,122,3,0.3333333333333333,0.6666666666666666
0123_neg_0,123,4,0.75,0.75
0123_pos_0,123,4,0.75,0.75
0124_neg_0,124,2,0.5,1.0
0124_pos_0,124,2,0.5,0.5
0125_neg_0,125,2,0.5,0.5
0125_pos_0,125,2,0.5,0.5
0126_neg_0,126,3,0.6666666666666666,1.0
0126_pos_0,126,3,0.6666666666666666,0.6666666666666666
0127_neg_0,127,3,0.6666666666666666,0.6666666666666666
0127_pos_0,127,3,0.6666666666666666,0.6666666666666666
0128_neg_0,128,3,1.0,1.0
0128_pos_0,128,3,1.0,1.0
0129_neg_0,129,2,1.0,1.0
0129_pos_0,129,2,1.0,1.0
0130_neg_0,130,4,0.75,0.75
0130_pos_0,130,4,0.75,0.75
0131_neg_0,131,4,0.75,1.0
0131_pos_0,131,4,0.75,0.75
0132_neg_0,132,3,0.6666666666666666,0.6666666666666666
0132_pos_0,132,3,0.6666666666666666,1.0
0133_neg_0,133,4,1.0,1.0
0133_pos_0,133,4,1.0,1.0
0134_neg_0,134,2,0.5,1.0
0134_pos_0,134,2,0.5,0.5
0135_neg_0,135,4,1.0,1.0
0135_pos_0,135,4,1.0,1.0
0136_neg_0,136,4,0.75,1.0
0136_pos_0,136,4,0.5,1.0
0137_neg_0,137,4,0.75,0.75
0137_pos_0,137,4,0.75,1.0
0138_neg_0,138,3,1.0,1.0
0138_pos_0,138,3,1.0,1.0
0139_neg_0,139,3,1.0,1.0
0139_pos_0,139,3,0.6666666666666666,0.6666666666666666
0140_neg_0,140,2,0.5,0.5
0140_pos_0,140,2,0.5,0.5
0141_neg_0,141,2,1.0,1.0
0141_pos_0,141,2,1.0,1.0
0142_neg_0,142,2,1.0,1.0
0142_pos_0,142,2,1.0,1.0
0143_neg_0,143,4,0.5,0.25
0143_pos_0,143,4,0.5,0.5
0144_neg_0,144,2,1.0,1.0
0144_pos_0,144,2,1.0,1.0
0145_neg_0,145,4,0.75,0.75
0145_pos_0,145,4,0.75,0.75
0146_neg_0,146,3,1.0,1.0
0146_pos_0,146,3,1.0,1.0
0147_neg_0,147,3,1.0,1.0
0147_pos_0,147,3,1.0,1.0
0148_neg_0,148,3,0.6666666666666666,0.6666666666666666
0148_pos_0,148,3,0.6666666666666666,0.6666666666666666
0149_neg_0,149,2,1.0,1.0
0149_pos_0,149,2,1.0,1.0
0150_neg_0,150,3,1.0,1.0
0150_pos_0,150,3,1.0,1.0
0151_neg_0,151,4,1.0,1.0
0151_pos_0,151,4,1.0,1.0
0152_neg_0,152,4,1.0,1.0
0152_pos_0,152,4,1.0,1.0
0153_neg_0,153,5,1.0,0.8
0153_pos_0,153,5,0.8,0.8
0154_neg_0,154,3,0.6666666666666666,0.6666666666666666
0154_pos_0,154,3,0.3333333333333333,0.3333333333333333
0155_neg_0,155,4,1.0,1.0
0155_pos_0,155,4,1.0,1.0
0156_neg_0,156,2,1.0,1.0
0156_pos_0,156,2,1.0,1.0
0157_neg_0,157,3,1.0,1.0
0157_pos_0,157,3,1.0,1.0
0158_neg_0,158,4,1.0,1.0
0158_pos_0,158,4,1.0,1.0
0159_neg_0,159,4,0.75,1.0
0159_pos_0,159,4,0.75,0.75
0160_neg_0,160,3,0.6666666666666666,0.6666666666666666
0160_pos_0,160,3,0.6666666666666666,0.3333333333333333
0161_neg_0,161,5,1.0,1.0
0161_pos_0,161,5,1.0,1.0
0162_neg_0,162,3,0.6666666666666666,0.6666666666666666
0162_pos_0,162,3,0.6666666666666666,0.6666666666666666
0163_neg_0,163,3,1.0,1.0
0163_pos_0,163,3,1.0,1.0
0164_neg_0,164,3,0.6666666666666666,0.6666666666666666
0164_pos_0,164,3,0.6666666666666666,0.6666666666666666
0165_neg_0,165,2,0.5,1.0
0165_pos_0,165,2,1.0,1.0
0166_neg_0,166,2,0.5,1.0
0166_pos_0,166,2,0.5,0.5
0167_neg_0,167,4,0.75,0.75
0167_pos_0,167,4,0.75,0.75
0168_neg_0,168,5,1.0,1.0
0168_pos_0,168,5,1.0,1.0
0169_neg_0,169,2,0.5,0.5
0169_pos_0,169,2,0.5,0.5
0170_neg_0,170,4,1.0,1.0
0170_pos_0,170,4,0.75,1.0
0171_neg_0,171,4,1.0,0.75
0172_neg_0,172,3,1.0,1.0
0172_pos_0,172,3,0.6666666666666666,1.0
0173_neg_0,173,2,1.0,1.0
0173_pos_0,173,2,1.0,1.0
0174_neg_0,174,3,1.0,1.0
0174_pos_0,174,3,1.0,1.0
0175_neg_0,175,3,0.3333333333333333,0.6666666666666666
0175_pos_0,175,3,0.3333333333333333,0.6666666666666666
0176_neg_0,176,3,1.0,1.0
0176_pos_0,176,3,1.0,1.0
0177_neg_0,177,2,1.0,1.0
0177_pos_0,177,2,1.0,1.0
0178_neg_0,178,3,0.3333333333333333,0.6666666666666666
0178_pos_0,178,3,0.3333333333333333,0.6666666666666666
0179_neg_0,179,3,1.0,1.0
0180_neg_0,180,3,1.0,1.0
0180_pos_0,180,3,1.0,1.0
0181_neg_0,181,2,0.5,0.5
0181_pos_0,181,2,0.5,0.5
0182_neg_0,182,4,0.75,1.0
0182_pos_0,182,4,0.5,1.0
0183_neg_0,183,4,1.0,1.0
0183_pos_0,183,4,1.0,1.0
0184_neg_0,184,3,1.0,1.0
0184_pos_0,184,3,1.0,1.0
0185_neg_0,185,2,1.0,1.0
0185_pos_0,185,2,1.0,0.5
0186_neg_0,186,2,1.0,1.0
0186_pos_0,186,2,1.0,1.0
0187_neg_0,187,4,1.0,1.0
0187_pos_0,187,4,1.0,1.0
0188_neg_0,188,2,1.0,1.0
0188_pos_0,188,2,1.0,1.0
0189_neg_0,189,4,1.0,1.0
0189_pos_0,189,4,1.0,1.0
0190_neg_0,190,3,0.6666666666666666,0.6666666666666666
0190_pos_0,190,3,0.6666666666666666,0.6666666666666666
0191_neg_0,191,3,0.6666666666666666,0.6666666666666666
0191_pos_0,191,3,0.6666666666666666,0.6666666666666666
0192_neg_0,192,4,0.5,0.5
0192_pos_0,192,4,0.5,0.5
0193_neg_0,193,4,1.0,0.75
0193_pos_0,193,4,0.75,0.5
0194_neg_0,194,3,0.3333333333333333,0.3333333333333333
0194_pos_0,194,3,0.3333333333333333,0.3333333333333333
0195_neg_0,195,2,1.0,1.0
0195_pos_0,195,2,1.0,1.0
0196_neg_0,196,3,1.0,1.0
0196_pos_0,196,3,1.0,1.0
0197_neg_0,197,3,1.0,1.0
0197_pos_0,197,3,1.0,1.0
0198_neg_0,198,2,1.0,1.0
0198_pos_0,198,2,1.0,1.0
0199_neg_0,199,2,1.0,1.0
0199_pos_0,199,2,1.0,1.0
0200_neg_0,200,3,0.6666666666666666,0.6666666666666666
0200_pos_0,200,3,0.6666666666666666,0.6666666666666666
0201_neg_0,201,4,0.75,0.75
0201_pos_0,201,4,1.0,0.75
0202_neg_0,202,2,1.0,1.0
0202_pos_0,202,2,1.0,1.0
0203_neg_0,203,3,0.3333333333333333,0.3333333333333333
0203_pos_0,203,3,0.6666666666666666,0.6666666666666666
0204_neg_0,204,4,1.0,1.0
0204_pos_0,204,4,1.0,1.0
0205_neg_0,205,4,1.0,1.0
0205_pos_0,205,4,1.0,0.75
0206_neg_0,206,2,1.0,1.0
0206_pos_0,206,2,1.0,1.0
0207_neg_0,207,5,1.0,1.0
0207_pos_0,207,5,1.0,1.0
0208_neg_0,208,3,1.0,1.0
0208_pos_0,208,3,1.0,0.6666666666666666
0209_neg_0,209,3,1.0,1.0
0209_pos_0,209,3,1.0,1.0
0210_neg_0,210,4,0.75,0.75
0210_pos_0,210,4,0.75,0.75
0211_neg_0,211,3,0.6666666666666666,0.3333333333333333
0211_pos_0,211,3,0.6666666666666666,0.6666666666666666
0212_neg_0,212,2,1.0,1.0
0212_pos_0,212,2,1.0,1.0
0213_neg_0,213,3,0.6666666666666666,0.6666666666666666
0213_pos_0,213,3,0.6666666666666666,0.6666666666666666
0214_neg_0,214,3,0.6666666666666666,0.6666666666666666
0214_pos_0,214,3,0.6666666666666666,0.6666666666666666
0215_neg_0,215,3,1.0,1.0
0215_pos_0,215,3,1.0,1.0
0216_neg_0,216,2,1.0,1.0
0216_pos_0,216,2,1.0,1.0
0217_neg_0,217,4,0.5,0.5
0217_pos_0,217,4,0.5,0.5
0218_neg_0,218,3,1.0,1.0
0218_pos_0,218,3,1.0,1.0
0219_neg_0,219,5,0.4,0.6
0219_pos_0,219,5,0.4,0.6
0220_neg_0,220,2,1.0,1.0
0220_pos_0,220,2,1.0,1.0
0221_neg_0,221,5,1.0,1.0
0221_pos_0,221,5,1.0,1.0
0222_neg_0,222,2,0.5,0.5
0222_pos_0,222,2,0.5,0.5
0223_neg_0,223,2,1.0,1.0
0223_pos_0,223,2,1.0,1.0
0224_neg_0,224,3,1.0,1.0
0224_pos_0,224,3,1.0,1.0
0225_neg_0,225,2,0.5,0.5
0225_pos_0,225,2,0.5,0.5
0226_neg_0,226,2,0.5,0.5
0226_pos_0,226,2,0.5,1.0
0227_neg_0,227,2,0.0,0.5
0227_pos_0,227,2,0.0,0.5
0228_neg_0,228,2,1.0,1.0
0228_pos_0,228,2,1.0,1.0
0229_neg_0,229,2,1.0,1.0
0229_pos_0,229,2,1.0,1.0
0230_neg_0,230,5,0.2,0.4
0230_pos_0,230,5,0.4,0.6
0231_neg_0,231,3,1.0,1.0
0231_pos_0,231,3,1.0,1.0
0232_neg_0,232,3,1.0,1.0
0232_pos_0,232,3,1.0,1.0
0233_neg_0,233,2,1.0,1.0
0233_pos_0,233,2,1.0,1.0
0234_neg_0,234,4,1.0,1.0
0234_pos_0,234,4,1.0,1.0
0235_neg_0,235,2,1.0,1.0
0235_pos_0,235,2,1.0,1.0
0236_neg_0,236,2,1.0,1.0
0236_pos_0,236,2,1.0,1.0
0237_neg_0,237,3,1.0,1.0
0237_pos_0,237,3,1.0,1.0
0238_neg_0,238,3,1.0,1.0
0238_pos_0,238,3,1.0,1.0
0239_neg_0,239,3,1.0,1.0
0239_pos_0,239,3,1.0,1.0
0240_neg_0,240,2,0.5,1.0
0240_pos_0,240,2,0.5,0.5
0241_neg_0,241,4,0.75,0.5
0241_pos_0,241,4,0.5,0.75
0242_neg_0,242,3,1.0,1.0
0242_pos_0,242,3,1.0,1.0
0243_neg_0,243,2,1.0,1.0
0243_pos_0,243,2,1.0,1.0
0244_neg_0,244,4,1.0,1.0
0244_pos_0,244,4,1.0,1.0
0245_neg_0,245,4,0.5,0.5
0245_pos_0,245,4,0.5,0.5
0246_neg_0,246,5,0.6,0.8
0246_pos_0,246,5,0.8,0.6
0247_neg_0,247,4,0.75,0.75
0247_pos_0,247,4,0.75,1.0
0248_neg_0,248,4,1.0,1.0
0248_pos_0,248,4,1.0,1.0
0249_neg_0,249,5,0.2,0.0
0249_pos_0,249,5,0.2,0.4
0250_pos_0,250,4,0.5,0.75
