family,n_sizes,sizes,acc_small,acc_large,slope_all,all_lo,all_hi,slope_hard,hard_lo,hard_hi,slope_rest,rest_lo,rest_hi
LLaVA,3,8/13/34,49.7,81.6,16.1,14.32,17.98,-20.17,-28.35,-11.74,20.14,18.21,22.06
Gemma3,4,1/4/12/27,54.7,89.8,7.52,6.7,8.24,7.11,3.83,10.5,7.57,6.76,8.34
Qwen2,2,7/72,72.1,90.4,5.42,4.39,6.5,7.0,2.38,11.66,5.24,4.21,6.27
DeepSeek-R1,4,8/14/32/70,79.4,93.0,4.1,3.18,5.1,8.36,3.73,13.02,3.61,2.7,4.64
Llama3,2,8/70,72.1,83.6,3.65,2.63,4.7,0.0,-3.43,3.62,4.08,3.03,5.1
Llama3.1,2,8/70,84.6,92.0,2.37,1.41,3.38,2.41,-2.96,7.37,2.36,1.43,3.27
Llama3.2-V,2,11/90,84.2,91.0,2.25,1.26,3.3,5.71,0.63,10.99,1.84,0.91,2.83
Qwen2.5-VL,3,3/7/32,86.8,92.8,2.05,1.07,3.03,3.61,-2.53,10.01,1.87,1.06,2.69
Gemma2,2,9/27,86.4,89.0,1.64,-0.51,3.68,26.87,16.36,36.9,-1.42,-3.56,0.56
Qwen2.5,4,7/14/32/72,90.4,92.6,0.54,-0.09,1.23,-2.02,-6.98,2.73,0.84,0.37,1.35
Llama2,3,7/13/70,51.5,48.5,-0.85,-2.41,0.67,-6.27,-11.76,-0.81,-0.25,-1.7,1.29
