variant,id,asked,ca_score,ica_score,tag
ica_1_single_qn,0,False,1.0,1.0,Relation
ica_1_single_qn,1,True,1.0,1.0,Relation
ica_1_single_qn,2,True,1.0,1.0,Relation
ica_1_single_qn,3,True,0.0,1.0,Object
ica_1_single_qn,4,True,0.0,1.0,Relation
ica_1_single_qn,5,False,1.0,1.0,Object
ica_1_single_qn,6,True,1.0,1.0,Object
ica_1_single_qn,7,False,1.0,1.0,Object
ica_1_single_qn,8,False,1.0,1.0,Object
ica_1_single_qn,9,False,1.0,1.0,Object
ica_1_single_qn,10,True,1.0,1.0,Object
ica_1_single_qn,11,False,1.0,1.0,Object
ica_1_single_qn,12,False,1.0,1.0,Object
ica_1_single_qn,13,False,1.0,1.0,Object
ica_1_single_qn,14,False,1.0,1.0,Object
ica_1_single_qn,15,False,1.0,1.0,Object
ica_1_single_qn,16,False,1.0,1.0,Object
ica_1_single_qn,17,False,1.0,1.0,Object
ica_1_single_qn,18,True,1.0,1.0,Object
ica_1_single_qn,19,True,0.0,1.0,Object
ica_1_single_qn,20,True,1.0,1.0,Relation
ica_1_single_qn,21,False,1.0,1.0,Relation
ica_1_single_qn,22,True,1.0,1.0,Relation
ica_1_single_qn,23,True,1.0,1.0,Relation
ica_1_single_qn,24,True,1.0,1.0,Relation
ica_1_single_qn,25,False,0.0,0.0,Relation
ica_1_single_qn,26,True,0.0,1.0,Relation
ica_1_single_qn,27,True,1.0,1.0,Relation
ica_1_single_qn,28,True,1.0,1.0,Relation
ica_1_single_qn,29,True,1.0,1.0,Relation
ica_1_single_qn,30,False,1.0,1.0,Relation
ica_1_single_qn,31,True,0.0,1.0,Relation
ica_1_single_qn,32,True,1.0,1.0,Relation
ica_1_single_qn,33,True,1.0,1.0,Relation
ica_1_single_qn,34,True,0.0,1.0,Relation
ica_1_single_qn,35,False,1.0,1.0,Relation
ica_1_single_qn,36,False,0.0,0.0,Relation
ica_1_single_qn,37,True,0.0,1.0,Relation
ica_1_single_qn,38,True,1.0,1.0,Relation
ica_1_single_qn,39,True,0.0,1.0,Relation
ica_1_single_qn,40,False,1.0,1.0,Relation
ica_1_single_qn,41,False,1.0,1.0,Relation
ica_1_single_qn,42,False,1.0,1.0,Relation
ica_1_single_qn,43,True,1.0,1.0,Relation
ica_1_single_qn,44,True,0.0,0.0,Relation
ica_1_single_qn,45,False,1.0,1.0,Relation
ica_1_single_qn,46,True,1.0,1.0,Relation
ica_1_single_qn,47,True,1.0,1.0,Relation
ica_1_single_qn,48,True,1.0,0.0,Relation
ica_1_single_qn,49,False,1.0,1.0,Object
ica_1_single_qn,50,True,1.0,1.0,Relation
ica_1_single_qn,51,False,1.0,1.0,Relation
ica_1_single_qn,52,False,1.0,1.0,Relation
ica_1_single_qn,53,False,1.0,1.0,Relation
ica_1_single_qn,54,True,1.0,1.0,Relation
ica_1_single_qn,55,False,1.0,1.0,Relation
ica_1_single_qn,56,True,1.0,1.0,Relation
ica_1_single_qn,57,False,1.0,1.0,Relation
ica_1_single_qn,58,True,1.0,0.0,Relation
ica_1_single_qn,59,True,1.0,1.0,Relation
ica_1_single_qn,60,True,0.0,1.0,Relation
ica_1_single_qn,61,True,1.0,1.0,Relation
ica_1_single_qn,62,False,1.0,1.0,Relation
ica_1_single_qn,63,False,1.0,1.0,Relation
ica_1_single_qn,64,True,1.0,0.0,Relation
ica_1_single_qn,65,True,1.0,1.0,Relation
ica_1_single_qn,66,True,0.0,1.0,Relation
ica_1_single_qn,67,True,0.0,0.0,Relation
ica_1_single_qn,68,False,1.0,1.0,Object
ica_1_single_qn,69,True,1.0,1.0,Object
ica_1_single_qn,70,True,1.0,1.0,Relation
ica_1_single_qn,71,False,1.0,0.0,Relation
ica_1_single_qn,72,True,1.0,1.0,Object
ica_1_single_qn,73,False,1.0,1.0,Both
ica_1_single_qn,74,False,1.0,1.0,Both
ica_1_single_qn,75,True,0.0,1.0,Relation
ica_1_single_qn,76,True,1.0,0.0,Relation
ica_1_single_qn,77,True,1.0,1.0,Relation
ica_1_single_qn,78,True,1.0,0.0,Relation
ica_1_single_qn,79,True,1.0,1.0,Relation
ica_1_single_qn,80,True,1.0,1.0,Object
ica_1_single_qn,81,True,0.0,0.0,Object
ica_1_single_qn,82,True,0.0,1.0,Relation
ica_1_single_qn,83,True,0.0,0.0,Relation
ica_1_single_qn,84,True,0.0,0.0,Object
ica_1_single_qn,85,True,1.0,1.0,Relation
ica_1_single_qn,86,True,1.0,0.0,Both
ica_1_single_qn,87,True,1.0,1.0,Relation
ica_1_single_qn,88,False,1.0,1.0,Object
ica_1_single_qn,89,True,0.0,0.0,Relation
ica_1_single_qn,90,True,1.0,1.0,Object
ica_1_single_qn,91,False,1.0,1.0,Object
ica_1_single_qn,92,True,1.0,1.0,Relation
ica_1_single_qn,93,True,0.0,1.0,Relation
ica_1_single_qn,94,True,1.0,1.0,Relation
ica_1_single_qn,95,True,0.0,0.0,Both
ica_1_single_qn,96,False,1.0,1.0,Both
ica_1_single_qn,97,True,1.0,1.0,Relation
ica_1_single_qn,98,True,1.0,1.0,Both
ica_1_single_qn,99,True,1.0,1.0,Relation
ica_1_single_qn,100,True,1.0,1.0,Relation
ica_1_single_qn,101,True,1.0,1.0,Relation
ica_1_single_qn,102,False,1.0,1.0,Relation
ica_1_single_qn,103,True,1.0,1.0,Relation
ica_1_single_qn,104,True,1.0,1.0,Relation
ica_1_single_qn,105,False,1.0,1.0,Relation
ica_1_single_qn,106,False,1.0,1.0,Relation
ica_1_single_qn,107,True,1.0,1.0,Relation
ica_1_single_qn,108,True,1.0,1.0,Relation
ica_1_single_qn,109,True,1.0,1.0,Relation
ica_1_single_qn,110,True,1.0,1.0,Relation
ica_1_single_qn,111,True,1.0,1.0,Relation
ica_1_single_qn,112,False,1.0,1.0,Relation
ica_1_single_qn,113,True,1.0,1.0,Relation
ica_1_single_qn,114,False,1.0,1.0,Relation
ica_1_single_qn,115,True,1.0,1.0,Relation
ica_1_single_qn,116,True,1.0,1.0,Relation
ica_1_single_qn,117,True,0.0,1.0,Relation
ica_1_single_qn,118,True,0.0,0.0,Relation
ica_1_single_qn,119,True,0.0,1.0,Relation
ica_1_single_qn,120,True,0.0,1.0,Relation
ica_1_single_qn,121,False,1.0,1.0,Relation
ica_1_single_qn,122,True,1.0,1.0,Relation
ica_1_single_qn,123,False,1.0,1.0,Relation
ica_1_single_qn,124,True,1.0,1.0,Relation
ica_1_single_qn,125,True,1.0,1.0,Relation
ica_1_single_qn,126,True,0.0,0.0,Relation
ica_1_single_qn,127,True,1.0,1.0,Relation
ica_1_single_qn,128,True,0.0,0.0,Relation
ica_1_single_qn,129,True,1.0,0.0,Relation
ica_1_single_qn,130,True,0.0,0.0,Relation
ica_1_single_qn,131,False,1.0,1.0,Object
ica_1_single_qn,132,False,0.0,1.0,Object
ica_1_single_qn,133,False,1.0,1.0,Both
ica_1_single_qn,134,False,1.0,1.0,Relation
ica_1_single_qn,135,True,1.0,1.0,Relation
ica_1_single_qn,136,True,1.0,1.0,Object
ica_1_single_qn,137,True,1.0,1.0,Relation
ica_1_single_qn,138,True,1.0,1.0,Relation
ica_1_single_qn,139,True,0.0,1.0,Relation
ica_1_single_qn,140,True,1.0,1.0,Object
ica_1_single_qn,141,False,1.0,1.0,Object
ica_1_single_qn,142,True,1.0,1.0,Object
ica_1_single_qn,143,False,1.0,1.0,Object
ica_1_single_qn,144,True,1.0,1.0,Object
ica_1_single_qn,145,True,0.0,0.0,Relation
ica_1_single_qn,146,True,1.0,1.0,Object
ica_1_single_qn,147,True,1.0,1.0,Object
ica_1_single_qn,148,True,1.0,1.0,Object
ica_1_single_qn,149,False,1.0,1.0,Object
ica_1_single_qn,150,True,1.0,0.0,Both
ica_1_single_qn,151,False,1.0,1.0,Both
ica_1_single_qn,152,True,1.0,0.0,Object
ica_1_single_qn,153,False,1.0,1.0,Object
ica_1_single_qn,154,False,1.0,1.0,Object
ica_1_single_qn,155,False,1.0,1.0,Object
ica_1_single_qn,156,True,0.0,1.0,Relation
ica_1_single_qn,157,True,0.0,1.0,Object
ica_1_single_qn,158,False,1.0,1.0,Object
ica_1_single_qn,159,True,1.0,1.0,Object
ica_1_single_qn,160,True,0.0,1.0,Object
ica_1_single_qn,161,False,1.0,1.0,Object
ica_1_single_qn,162,False,1.0,1.0,Object
ica_1_single_qn,163,False,1.0,1.0,Object
ica_1_single_qn,164,False,1.0,1.0,Object
ica_1_single_qn,165,False,1.0,1.0,Object
ica_1_single_qn,166,False,1.0,1.0,Object
ica_1_single_qn,167,False,1.0,1.0,Object
ica_1_single_qn,168,True,1.0,0.0,Object
ica_1_single_qn,169,False,1.0,1.0,Object
ica_1_single_qn,170,True,0.0,1.0,Object
ica_1_single_qn,171,False,1.0,0.0,Object
ica_1_single_qn,172,False,1.0,1.0,Object
ica_1_single_qn,173,True,1.0,1.0,Object
ica_1_single_qn,174,False,1.0,1.0,Object
ica_1_single_qn,175,True,1.0,1.0,Object
ica_1_single_qn,176,True,1.0,1.0,Object
ica_1_single_qn,177,True,1.0,1.0,Object
ica_1_single_qn,178,False,1.0,1.0,Object
ica_1_single_qn,179,True,1.0,1.0,Relation
ica_1_single_qn,180,True,1.0,1.0,Relation
ica_1_single_qn,181,True,1.0,1.0,Relation
ica_1_single_qn,182,True,1.0,1.0,Relation
ica_1_single_qn,183,True,1.0,1.0,Relation
ica_1_single_qn,184,True,0.0,1.0,Relation
ica_1_single_qn,185,True,0.0,1.0,Relation
ica_1_single_qn,186,True,0.0,1.0,Relation
ica_1_single_qn,187,True,0.0,1.0,Relation
ica_1_single_qn,188,True,0.0,0.0,Relation
ica_1_single_qn,189,True,0.0,0.0,Relation
ica_1_single_qn,190,True,0.0,1.0,Relation
ica_1_single_qn,191,True,1.0,1.0,Relation
ica_1_single_qn,192,True,0.0,1.0,Relation
ica_1_single_qn,193,True,0.0,0.0,Relation
ica_1_single_qn,194,True,1.0,1.0,Relation
ica_1_single_qn,195,False,1.0,1.0,Relation
ica_1_single_qn,196,True,0.0,1.0,Relation
ica_1_single_qn,197,True,0.0,0.0,Relation
ica_1_single_qn,198,False,1.0,1.0,Relation
ica_1_single_qn,199,True,1.0,1.0,Relation
ica_1_single_qn,200,True,1.0,1.0,Relation
ica_1_single_qn,201,True,1.0,1.0,Both
ica_1_single_qn,202,False,1.0,1.0,Object
ica_1_single_qn,203,False,1.0,1.0,Relation
ica_1_single_qn,204,False,1.0,1.0,Relation
ica_1_single_qn,205,False,1.0,1.0,Relation
ica_1_single_qn,206,True,0.0,0.0,Relation
ica_1_single_qn,207,True,1.0,1.0,Relation
ica_1_single_qn,208,False,1.0,1.0,Relation
ica_1_single_qn,209,True,0.0,1.0,Object
ica_1_single_qn,210,False,1.0,1.0,Object
ica_1_single_qn,211,True,1.0,1.0,Object
ica_1_single_qn,212,False,1.0,1.0,Object
ica_1_single_qn,213,True,0.0,1.0,Object
ica_1_single_qn,214,True,0.0,0.0,Relation
ica_1_single_qn,215,True,1.0,1.0,Relation
ica_1_single_qn,216,False,1.0,1.0,Object
ica_1_single_qn,217,True,0.0,0.0,Object
ica_1_single_qn,218,True,0.0,0.0,Object
ica_1_single_qn,219,False,1.0,1.0,Object
ica_1_single_qn,220,True,1.0,1.0,Object
ica_1_single_qn,221,False,0.0,0.0,Object
ica_1_single_qn,222,True,1.0,1.0,Both
ica_1_single_qn,223,True,0.0,0.0,Relation
ica_1_single_qn,224,False,1.0,1.0,Both
ica_1_single_qn,225,True,1.0,1.0,Relation
ica_1_single_qn,226,True,0.0,1.0,Object
ica_1_single_qn,227,False,1.0,0.0,Object
ica_1_single_qn,228,True,1.0,1.0,Object
ica_1_single_qn,229,False,1.0,1.0,Object
ica_1_single_qn,230,True,0.0,0.0,Relation
ica_1_single_qn,231,True,0.0,1.0,Object
ica_1_single_qn,232,True,0.0,0.0,Relation
ica_1_single_qn,233,True,0.0,0.0,Object
ica_1_single_qn,234,True,1.0,1.0,Object
ica_1_single_qn,235,True,1.0,1.0,Object
ica_1_single_qn,236,True,0.0,0.0,Object
ica_1_single_qn,237,False,1.0,1.0,Relation
ica_1_single_qn,238,True,1.0,1.0,Relation
ica_1_single_qn,239,True,1.0,0.0,Relation
ica_1_single_qn,240,False,0.0,0.0,Relation
ica_1_single_qn,241,True,0.0,1.0,Relation
ica_1_single_qn,242,False,0.0,1.0,Relation
ica_1_single_qn,243,True,1.0,1.0,Object
ica_1_single_qn,244,False,1.0,1.0,Relation
ica_1_single_qn,245,False,1.0,1.0,Object
ica_1_single_qn,246,False,1.0,1.0,Object
ica_1_single_qn,247,False,1.0,1.0,Object
ica_1_single_qn,248,True,0.0,1.0,Relation
ica_1_single_qn,249,True,0.0,0.0,Object
ica_1_single_qn,250,False,1.0,1.0,Object
ica_1_single_qn,251,False,1.0,1.0,Object
ica_1_single_qn,252,True,1.0,1.0,Relation
ica_1_single_qn,253,True,1.0,1.0,Relation
ica_1_single_qn,254,False,1.0,1.0,Relation
ica_1_single_qn,255,True,0.0,0.0,Object
ica_1_single_qn,256,True,0.0,0.0,Object
ica_1_single_qn,257,True,1.0,1.0,Object
ica_1_single_qn,258,True,0.0,1.0,Relation
ica_1_single_qn,259,True,1.0,1.0,Relation
ica_1_single_qn,260,True,0.0,0.0,Relation
ica_1_single_qn,261,True,1.0,0.0,Relation
ica_1_single_qn,262,True,0.0,0.0,Both
ica_1_single_qn,263,True,0.0,0.0,Relation
ica_1_single_qn,264,False,1.0,1.0,Object
ica_1_single_qn,265,True,1.0,1.0,Object
ica_1_single_qn,266,True,0.0,0.0,Relation
ica_1_single_qn,267,True,1.0,1.0,Relation
ica_1_single_qn,268,True,0.0,0.0,Relation
ica_1_single_qn,269,False,1.0,1.0,Relation
ica_1_single_qn,270,False,1.0,1.0,Relation
ica_1_single_qn,271,True,1.0,1.0,Relation
ica_1_single_qn,272,False,1.0,1.0,Object
ica_1_single_qn,273,True,1.0,1.0,Relation
ica_1_single_qn,274,True,0.0,0.0,Object
ica_1_single_qn,275,True,1.0,1.0,Object
ica_1_single_qn,276,False,1.0,1.0,Relation
ica_1_single_qn,277,True,1.0,1.0,Relation
ica_1_single_qn,278,True,1.0,1.0,Relation
ica_1_single_qn,279,True,1.0,1.0,Relation
ica_1_single_qn,280,True,1.0,1.0,Relation
ica_1_single_qn,281,True,1.0,1.0,Relation
ica_1_single_qn,282,False,1.0,1.0,Relation
ica_1_single_qn,283,True,0.0,0.0,Relation
ica_1_single_qn,284,True,1.0,1.0,Relation
ica_1_single_qn,285,True,0.0,0.0,Object
ica_1_single_qn,286,True,1.0,1.0,Object
ica_1_single_qn,287,True,0.0,1.0,Relation
ica_1_single_qn,288,True,1.0,1.0,Relation
ica_1_single_qn,289,True,0.0,1.0,Object
ica_1_single_qn,290,False,1.0,1.0,Object
ica_1_single_qn,291,True,0.0,1.0,Relation
ica_1_single_qn,292,False,1.0,1.0,Relation
ica_1_single_qn,293,False,0.0,0.0,Object
ica_1_single_qn,294,False,1.0,1.0,Relation
ica_1_single_qn,295,True,1.0,0.0,Relation
ica_1_single_qn,296,True,1.0,1.0,Object
ica_1_single_qn,297,True,0.0,1.0,Relation
ica_1_single_qn,298,True,0.0,0.0,Relation
ica_1_single_qn,299,True,1.0,1.0,Relation
ica_1_single_qn,300,False,0.0,0.0,Relation
ica_1_single_qn,301,False,1.0,1.0,Object
ica_1_single_qn,302,True,1.0,1.0,Object
ica_1_single_qn,303,True,1.0,1.0,Relation
ica_1_single_qn,304,True,0.0,0.0,Relation
ica_1_single_qn,305,True,0.0,0.0,Both
ica_1_single_qn,306,True,1.0,1.0,Object
ica_1_single_qn,307,True,0.0,0.0,Both
ica_1_single_qn,308,True,0.0,1.0,Relation
ica_1_single_qn,309,False,1.0,1.0,Object
ica_1_single_qn,310,True,1.0,1.0,Object
ica_1_single_qn,311,True,1.0,0.0,Relation
ica_1_single_qn,312,False,1.0,1.0,Relation
ica_1_single_qn,313,False,1.0,1.0,Object
ica_1_single_qn,314,False,1.0,1.0,Relation
ica_1_single_qn,315,True,1.0,1.0,Object
ica_1_single_qn,316,True,0.0,0.0,Relation
ica_1_single_qn,317,False,0.0,1.0,Relation
ica_1_single_qn,318,True,1.0,1.0,Relation
ica_1_single_qn,319,True,1.0,0.0,Object
ica_1_single_qn,320,False,1.0,1.0,Object
ica_1_single_qn,321,True,1.0,1.0,Both
ica_1_single_qn,322,False,0.0,0.0,Object
ica_1_single_qn,323,True,1.0,1.0,Object
ica_1_single_qn,324,False,0.0,0.0,Object
ica_1_single_qn,325,False,1.0,1.0,Both
ica_1_single_qn,326,True,0.0,1.0,Relation
ica_1_single_qn,327,False,1.0,1.0,Both
ica_1_single_qn,328,False,1.0,1.0,Relation
ica_1_single_qn,329,False,1.0,1.0,Relation
ica_1_single_qn,330,False,1.0,1.0,Relation
ica_1_single_qn,331,True,0.0,0.0,Relation
ica_1_single_qn,332,False,1.0,1.0,Object
ica_1_single_qn,333,False,1.0,1.0,Both
ica_1_single_qn,334,True,1.0,0.0,Both
ica_1_single_qn,335,True,0.0,1.0,Relation
ica_1_single_qn,336,True,0.0,0.0,Relation
ica_1_single_qn,337,False,1.0,1.0,Both
ica_1_single_qn,338,True,0.0,1.0,Relation
ica_1_single_qn,339,True,1.0,1.0,Object
ica_1_single_qn,340,True,1.0,1.0,Relation
ica_1_single_qn,341,False,1.0,1.0,Relation
ica_1_single_qn,342,True,0.0,0.0,Both
ica_1_single_qn,343,False,1.0,1.0,Relation
ica_1_single_qn,344,True,0.0,1.0,Object
ica_1_single_qn,345,True,0.0,1.0,Relation
ica_1_single_qn,346,True,1.0,1.0,Relation
ica_1_single_qn,347,True,0.0,0.0,Relation
ica_1_single_qn,348,True,1.0,1.0,Relation
ica_1_single_qn,349,True,1.0,1.0,Object
ica_1_single_qn,350,True,0.0,0.0,Both
ica_1_single_qn,351,True,0.0,0.0,Both
ica_1_single_qn,352,True,0.0,0.0,Object
ica_1_single_qn,353,False,1.0,1.0,Relation
ica_1_single_qn,354,False,1.0,1.0,Object
ica_1_single_qn,355,False,1.0,1.0,Relation
ica_1_single_qn,356,True,0.0,0.0,Relation
ica_1_single_qn,357,True,1.0,0.0,Relation
ica_1_single_qn,358,True,1.0,1.0,Relation
ica_1_single_qn,359,True,1.0,1.0,Relation
ica_1_single_qn,360,True,1.0,1.0,Object
ica_1_single_qn,361,True,0.0,1.0,Object
ica_1_single_qn,362,False,1.0,1.0,Object
ica_1_single_qn,363,True,1.0,1.0,Object
ica_1_single_qn,364,False,1.0,1.0,Both
ica_1_single_qn,365,False,1.0,1.0,Object
ica_1_single_qn,366,False,1.0,1.0,Relation
ica_1_single_qn,367,True,1.0,1.0,Object
ica_1_single_qn,368,True,1.0,1.0,Object
ica_1_single_qn,369,False,0.0,0.0,Object
ica_1_single_qn,370,False,1.0,1.0,Relation
ica_1_single_qn,371,True,0.0,0.0,Object
ica_1_single_qn,372,False,1.0,1.0,Object
ica_1_single_qn,373,False,1.0,1.0,Object
ica_1_single_qn,374,True,1.0,1.0,Relation
ica_1_single_qn,375,False,0.0,0.0,Relation
ica_1_single_qn,376,True,1.0,1.0,Both
ica_1_single_qn,377,True,1.0,1.0,Relation
ica_1_single_qn,378,True,1.0,1.0,Object
ica_1_single_qn,379,False,1.0,1.0,Object
ica_1_single_qn,380,False,1.0,1.0,Relation
ica_1_single_qn,381,True,1.0,1.0,Relation
ica_1_single_qn,382,True,1.0,1.0,Relation
ica_1_single_qn,383,True,0.0,0.0,Relation
ica_1_single_qn,384,True,1.0,1.0,Object
ica_1_single_qn,385,True,1.0,0.0,Relation
ica_1_single_qn,386,True,1.0,1.0,Relation
ica_1_single_qn,387,True,0.0,0.0,Relation
ica_1_single_qn,388,True,1.0,1.0,Relation
ica_1_single_qn,389,True,1.0,1.0,Object
ica_1_single_qn,390,True,0.0,0.0,Relation
ica_1_single_qn,391,True,1.0,0.0,Relation
ica_1_single_qn,392,True,1.0,1.0,Relation
ica_1_single_qn,393,False,1.0,1.0,Object
ica_1_single_qn,394,True,1.0,0.0,Relation
ica_1_single_qn,395,True,0.0,1.0,Object
ica_1_single_qn,396,True,0.0,0.0,Relation
ica_1_single_qn,397,True,0.0,1.0,Relation
ica_1_single_qn,398,True,1.0,0.0,Relation
ica_1_single_qn,399,True,0.0,0.0,Relation
ica,0,False,1.0,1.0,Relation
ica,1,True,1.0,1.0,Relation
ica,2,True,1.0,1.0,Relation
ica,3,True,0.0,0.0,Object
ica,4,True,0.0,1.0,Relation
ica,5,False,1.0,1.0,Object
ica,6,False,1.0,1.0,Object
ica,7,False,1.0,1.0,Object
ica,8,True,1.0,1.0,Object
ica,9,False,1.0,1.0,Object
ica,10,True,1.0,1.0,Object
ica,11,False,1.0,1.0,Object
ica,12,False,1.0,1.0,Object
ica,13,False,1.0,1.0,Object
ica,14,False,1.0,1.0,Object
ica,15,False,1.0,1.0,Object
ica,16,False,1.0,1.0,Object
ica,17,False,1.0,1.0,Object
ica,18,True,1.0,1.0,Object
ica,19,True,0.0,1.0,Object
ica,20,True,1.0,1.0,Relation
ica,21,False,1.0,1.0,Relation
ica,22,True,1.0,1.0,Relation
ica,23,True,1.0,1.0,Relation
ica,24,True,1.0,1.0,Relation
ica,25,True,0.0,0.0,Relation
ica,26,True,0.0,0.0,Relation
ica,27,True,1.0,1.0,Relation
ica,28,True,1.0,1.0,Relation
ica,29,False,1.0,1.0,Relation
ica,30,False,1.0,1.0,Relation
ica,31,True,0.0,1.0,Relation
ica,32,True,1.0,1.0,Relation
ica,33,True,1.0,0.0,Relation
ica,34,True,0.0,0.0,Relation
ica,35,False,1.0,1.0,Relation
ica,36,False,0.0,0.0,Relation
ica,37,True,0.0,0.0,Relation
ica,38,True,1.0,1.0,Relation
ica,39,True,0.0,1.0,Relation
ica,40,False,1.0,1.0,Relation
ica,41,False,1.0,1.0,Relation
ica,42,True,1.0,1.0,Relation
ica,43,False,1.0,1.0,Relation
ica,44,True,0.0,1.0,Relation
ica,45,False,1.0,1.0,Relation
ica,46,True,1.0,1.0,Relation
ica,47,True,1.0,0.0,Relation
ica,48,True,1.0,1.0,Relation
ica,49,False,1.0,1.0,Object
ica,50,True,1.0,1.0,Relation
ica,51,False,1.0,1.0,Relation
ica,52,False,1.0,1.0,Relation
ica,53,False,1.0,1.0,Relation
ica,54,True,1.0,1.0,Relation
ica,55,False,1.0,1.0,Relation
ica,56,True,1.0,1.0,Relation
ica,57,False,1.0,1.0,Relation
ica,58,True,1.0,0.0,Relation
ica,59,True,1.0,1.0,Relation
ica,60,True,0.0,0.0,Relation
ica,61,True,1.0,1.0,Relation
ica,62,False,1.0,1.0,Relation
ica,63,False,1.0,1.0,Relation
ica,64,True,1.0,0.0,Relation
ica,65,True,1.0,1.0,Relation
ica,66,True,0.0,1.0,Relation
ica,67,True,0.0,1.0,Relation
ica,68,False,1.0,1.0,Object
ica,69,True,1.0,1.0,Object
ica,70,True,1.0,1.0,Relation
ica,71,False,1.0,1.0,Relation
ica,72,True,1.0,1.0,Object
ica,73,False,1.0,1.0,Both
ica,74,False,1.0,1.0,Both
ica,75,True,0.0,1.0,Relation
ica,76,False,1.0,0.0,Relation
ica,77,True,1.0,1.0,Relation
ica,78,True,1.0,0.0,Relation
ica,79,True,1.0,1.0,Relation
ica,80,True,1.0,1.0,Object
ica,81,True,0.0,0.0,Object
ica,82,True,0.0,1.0,Relation
ica,83,True,0.0,0.0,Relation
ica,84,True,0.0,1.0,Object
ica,85,True,1.0,1.0,Relation
ica,86,True,1.0,1.0,Both
ica,87,True,1.0,1.0,Relation
ica,88,False,1.0,1.0,Object
ica,89,True,0.0,0.0,Relation
ica,90,True,1.0,1.0,Object
ica,91,False,1.0,1.0,Object
ica,92,True,1.0,1.0,Relation
ica,93,True,0.0,1.0,Relation
ica,94,True,1.0,1.0,Relation
ica,95,True,0.0,0.0,Both
ica,96,False,1.0,1.0,Both
ica,97,True,1.0,1.0,Relation
ica,98,True,1.0,1.0,Both
ica,99,False,1.0,1.0,Relation
ica,100,True,1.0,1.0,Relation
ica,101,True,1.0,1.0,Relation
ica,102,False,1.0,1.0,Relation
ica,103,True,1.0,1.0,Relation
ica,104,True,1.0,1.0,Relation
ica,105,False,1.0,1.0,Relation
ica,106,False,1.0,1.0,Relation
ica,107,True,1.0,1.0,Relation
ica,108,True,1.0,1.0,Relation
ica,109,True,1.0,1.0,Relation
ica,110,True,1.0,1.0,Relation
ica,111,True,1.0,1.0,Relation
ica,112,False,1.0,1.0,Relation
ica,113,True,1.0,1.0,Relation
ica,114,False,1.0,1.0,Relation
ica,115,True,1.0,1.0,Relation
ica,116,True,1.0,1.0,Relation
ica,117,True,0.0,0.0,Relation
ica,118,True,0.0,0.0,Relation
ica,119,True,0.0,1.0,Relation
ica,120,True,0.0,1.0,Relation
ica,121,False,1.0,1.0,Relation
ica,122,True,1.0,1.0,Relation
ica,123,False,1.0,1.0,Relation
ica,124,True,1.0,1.0,Relation
ica,125,True,1.0,1.0,Relation
ica,126,True,0.0,0.0,Relation
ica,127,True,1.0,1.0,Relation
ica,128,True,0.0,0.0,Relation
ica,129,True,1.0,0.0,Relation
ica,130,True,0.0,0.0,Relation
ica,131,False,1.0,1.0,Object
ica,132,False,0.0,1.0,Object
ica,133,False,1.0,1.0,Both
ica,134,False,1.0,1.0,Relation
ica,135,True,1.0,1.0,Relation
ica,136,True,1.0,1.0,Object
ica,137,True,1.0,1.0,Relation
ica,138,True,1.0,1.0,Relation
ica,139,True,0.0,1.0,Relation
ica,140,True,1.0,1.0,Object
ica,141,False,1.0,1.0,Object
ica,142,True,1.0,1.0,Object
ica,143,False,1.0,1.0,Object
ica,144,True,1.0,1.0,Object
ica,145,True,0.0,0.0,Relation
ica,146,True,1.0,1.0,Object
ica,147,True,1.0,1.0,Object
ica,148,True,1.0,0.0,Object
ica,149,False,1.0,1.0,Object
ica,150,True,1.0,1.0,Both
ica,151,False,1.0,1.0,Both
ica,152,True,1.0,0.0,Object
ica,153,False,1.0,1.0,Object
ica,154,False,1.0,1.0,Object
ica,155,False,1.0,1.0,Object
ica,156,True,0.0,0.0,Relation
ica,157,True,0.0,1.0,Object
ica,158,False,1.0,1.0,Object
ica,159,True,1.0,1.0,Object
ica,160,True,0.0,1.0,Object
ica,161,False,1.0,1.0,Object
ica,162,True,1.0,1.0,Object
ica,163,False,1.0,1.0,Object
ica,164,True,1.0,1.0,Object
ica,165,False,1.0,1.0,Object
ica,166,False,1.0,1.0,Object
ica,167,True,1.0,1.0,Object
ica,168,True,1.0,0.0,Object
ica,169,False,1.0,1.0,Object
ica,170,True,0.0,1.0,Object
ica,171,True,1.0,0.0,Object
ica,172,False,1.0,1.0,Object
ica,173,True,1.0,1.0,Object
ica,174,False,1.0,1.0,Object
ica,175,True,1.0,1.0,Object
ica,176,True,1.0,1.0,Object
ica,177,True,1.0,1.0,Object
ica,178,False,1.0,1.0,Object
ica,179,False,1.0,1.0,Relation
ica,180,True,1.0,1.0,Relation
ica,181,True,1.0,1.0,Relation
ica,182,False,1.0,1.0,Relation
ica,183,True,1.0,1.0,Relation
ica,184,True,0.0,1.0,Relation
ica,185,True,0.0,1.0,Relation
ica,186,True,0.0,1.0,Relation
ica,187,True,0.0,1.0,Relation
ica,188,True,0.0,0.0,Relation
ica,189,True,0.0,1.0,Relation
ica,190,True,0.0,1.0,Relation
ica,191,False,1.0,1.0,Relation
ica,192,True,0.0,1.0,Relation
ica,193,True,0.0,0.0,Relation
ica,194,True,1.0,1.0,Relation
ica,195,False,1.0,1.0,Relation
ica,196,True,0.0,1.0,Relation
ica,197,True,0.0,0.0,Relation
ica,198,False,1.0,1.0,Relation
ica,199,True,1.0,0.0,Relation
ica,200,True,1.0,1.0,Relation
ica,201,True,1.0,1.0,Both
ica,202,False,1.0,1.0,Object
ica,203,False,1.0,1.0,Relation
ica,204,False,1.0,1.0,Relation
ica,205,False,1.0,1.0,Relation
ica,206,True,0.0,1.0,Relation
ica,207,True,1.0,1.0,Relation
ica,208,True,1.0,1.0,Relation
ica,209,True,0.0,1.0,Object
ica,210,False,1.0,1.0,Object
ica,211,True,1.0,1.0,Object
ica,212,False,1.0,1.0,Object
ica,213,True,0.0,0.0,Object
ica,214,True,0.0,0.0,Relation
ica,215,True,1.0,1.0,Relation
ica,216,False,1.0,1.0,Object
ica,217,True,0.0,0.0,Object
ica,218,True,0.0,0.0,Object
ica,219,False,1.0,1.0,Object
ica,220,True,1.0,1.0,Object
ica,221,True,0.0,0.0,Object
ica,222,False,1.0,1.0,Both
ica,223,True,0.0,0.0,Relation
ica,224,False,1.0,1.0,Both
ica,225,True,1.0,1.0,Relation
ica,226,True,0.0,1.0,Object
ica,227,False,1.0,0.0,Object
ica,228,True,1.0,1.0,Object
ica,229,False,1.0,1.0,Object
ica,230,True,0.0,0.0,Relation
ica,231,True,0.0,0.0,Object
ica,232,True,0.0,0.0,Relation
ica,233,True,0.0,0.0,Object
ica,234,True,1.0,1.0,Object
ica,235,False,1.0,1.0,Object
ica,236,True,0.0,0.0,Object
ica,237,False,1.0,1.0,Relation
ica,238,True,1.0,1.0,Relation
ica,239,True,1.0,1.0,Relation
ica,240,False,0.0,0.0,Relation
ica,241,True,0.0,1.0,Relation
ica,242,True,0.0,1.0,Relation
ica,243,True,1.0,1.0,Object
ica,244,False,1.0,1.0,Relation
ica,245,False,1.0,1.0,Object
ica,246,False,1.0,1.0,Object
ica,247,False,1.0,1.0,Object
ica,248,True,0.0,1.0,Relation
ica,249,True,0.0,1.0,Object
ica,250,False,1.0,1.0,Object
ica,251,False,1.0,1.0,Object
ica,252,True,1.0,1.0,Relation
ica,253,True,1.0,1.0,Relation
ica,254,False,1.0,1.0,Relation
ica,255,True,0.0,0.0,Object
ica,256,True,0.0,1.0,Object
ica,257,True,1.0,1.0,Object
ica,258,True,0.0,0.0,Relation
ica,259,True,1.0,1.0,Relation
ica,260,True,0.0,0.0,Relation
ica,261,True,1.0,0.0,Relation
ica,262,True,0.0,0.0,Both
ica,263,True,0.0,0.0,Relation
ica,264,False,1.0,1.0,Object
ica,265,True,1.0,1.0,Object
ica,266,True,0.0,0.0,Relation
ica,267,False,1.0,1.0,Relation
ica,268,True,0.0,0.0,Relation
ica,269,False,1.0,1.0,Relation
ica,270,False,1.0,1.0,Relation
ica,271,True,1.0,1.0,Relation
ica,272,False,1.0,1.0,Object
ica,273,True,1.0,1.0,Relation
ica,274,True,0.0,0.0,Object
ica,275,True,1.0,1.0,Object
ica,276,False,1.0,1.0,Relation
ica,277,True,1.0,1.0,Relation
ica,278,True,1.0,0.0,Relation
ica,279,True,1.0,1.0,Relation
ica,280,True,1.0,1.0,Relation
ica,281,True,1.0,1.0,Relation
ica,282,False,1.0,1.0,Relation
ica,283,True,0.0,0.0,Relation
ica,284,True,1.0,1.0,Relation
ica,285,True,0.0,0.0,Object
ica,286,False,1.0,1.0,Object
ica,287,True,0.0,1.0,Relation
ica,288,True,1.0,1.0,Relation
ica,289,True,0.0,0.0,Object
ica,290,True,1.0,1.0,Object
ica,291,True,0.0,1.0,Relation
ica,292,False,1.0,1.0,Relation
ica,293,False,0.0,0.0,Object
ica,294,False,1.0,1.0,Relation
ica,295,True,1.0,0.0,Relation
ica,296,True,1.0,1.0,Object
ica,297,True,0.0,1.0,Relation
ica,298,True,0.0,0.0,Relation
ica,299,True,1.0,1.0,Relation
ica,300,False,0.0,0.0,Relation
ica,301,False,1.0,1.0,Object
ica,302,True,1.0,1.0,Object
ica,303,True,1.0,1.0,Relation
ica,304,True,0.0,0.0,Relation
ica,305,True,0.0,0.0,Both
ica,306,True,1.0,1.0,Object
ica,307,True,0.0,0.0,Both
ica,308,True,0.0,1.0,Relation
ica,309,False,1.0,1.0,Object
ica,310,True,1.0,0.0,Object
ica,311,True,1.0,0.0,Relation
ica,312,False,1.0,1.0,Relation
ica,313,False,1.0,1.0,Object
ica,314,False,1.0,1.0,Relation
ica,315,True,1.0,0.0,Object
ica,316,True,0.0,0.0,Relation
ica,317,False,0.0,1.0,Relation
ica,318,True,1.0,1.0,Relation
ica,319,True,1.0,0.0,Object
ica,320,True,1.0,0.0,Object
ica,321,True,1.0,1.0,Both
ica,322,False,0.0,0.0,Object
ica,323,True,1.0,0.0,Object
ica,324,True,0.0,0.0,Object
ica,325,False,1.0,1.0,Both
ica,326,True,0.0,1.0,Relation
ica,327,False,1.0,1.0,Both
ica,328,False,1.0,1.0,Relation
ica,329,False,1.0,1.0,Relation
ica,330,False,1.0,1.0,Relation
ica,331,True,0.0,0.0,Relation
ica,332,False,1.0,1.0,Object
ica,333,False,1.0,1.0,Both
ica,334,True,1.0,0.0,Both
ica,335,True,0.0,1.0,Relation
ica,336,True,0.0,0.0,Relation
ica,337,False,1.0,1.0,Both
ica,338,True,0.0,0.0,Relation
ica,339,True,1.0,1.0,Object
ica,340,False,1.0,1.0,Relation
ica,341,True,1.0,1.0,Relation
ica,342,True,0.0,0.0,Both
ica,343,False,1.0,1.0,Relation
ica,344,True,0.0,1.0,Object
ica,345,True,0.0,1.0,Relation
ica,346,True,1.0,1.0,Relation
ica,347,True,0.0,0.0,Relation
ica,348,True,1.0,1.0,Relation
ica,349,True,1.0,1.0,Object
ica,350,True,0.0,1.0,Both
ica,351,True,0.0,0.0,Both
ica,352,True,0.0,0.0,Object
ica,353,False,1.0,1.0,Relation
ica,354,True,1.0,1.0,Object
ica,355,False,1.0,1.0,Relation
ica,356,True,0.0,0.0,Relation
ica,357,True,1.0,0.0,Relation
ica,358,True,1.0,1.0,Relation
ica,359,True,1.0,1.0,Relation
ica,360,False,1.0,1.0,Object
ica,361,True,0.0,1.0,Object
ica,362,False,1.0,1.0,Object
ica,363,False,1.0,1.0,Object
ica,364,False,1.0,1.0,Both
ica,365,False,1.0,1.0,Object
ica,366,False,1.0,1.0,Relation
ica,367,True,1.0,1.0,Object
ica,368,True,1.0,1.0,Object
ica,369,True,0.0,0.0,Object
ica,370,False,1.0,1.0,Relation
ica,371,True,0.0,0.0,Object
ica,372,False,1.0,1.0,Object
ica,373,False,1.0,1.0,Object
ica,374,True,1.0,1.0,Relation
ica,375,False,0.0,0.0,Relation
ica,376,True,1.0,1.0,Both
ica,377,True,1.0,1.0,Relation
ica,378,True,1.0,1.0,Object
ica,379,False,1.0,1.0,Object
ica,380,False,1.0,1.0,Relation
ica,381,True,1.0,1.0,Relation
ica,382,True,1.0,1.0,Relation
ica,383,True,0.0,0.0,Relation
ica,384,False,1.0,1.0,Object
ica,385,True,1.0,0.0,Relation
ica,386,True,1.0,1.0,Relation
ica,387,True,0.0,1.0,Relation
ica,388,True,1.0,1.0,Relation
ica,389,False,1.0,1.0,Object
ica,390,True,0.0,0.0,Relation
ica,391,True,1.0,0.0,Relation
ica,392,True,1.0,1.0,Relation
ica,393,False,1.0,1.0,Object
ica,394,True,1.0,0.0,Relation
ica,395,True,0.0,1.0,Object
ica,396,True,0.0,1.0,Relation
ica,397,True,0.0,1.0,Relation
ica,398,True,1.0,0.0,Relation
ica,399,True,0.0,1.0,Relation
ica_single_qn,0,False,1.0,1.0,Relation
ica_single_qn,1,True,1.0,1.0,Relation
ica_single_qn,2,True,1.0,1.0,Relation
ica_single_qn,3,True,0.0,1.0,Object
ica_single_qn,4,True,0.0,1.0,Relation
ica_single_qn,5,False,1.0,1.0,Object
ica_single_qn,6,False,1.0,1.0,Object
ica_single_qn,7,False,1.0,1.0,Object
ica_single_qn,8,False,1.0,1.0,Object
ica_single_qn,9,False,1.0,1.0,Object
ica_single_qn,10,True,1.0,1.0,Object
ica_single_qn,11,False,1.0,1.0,Object
ica_single_qn,12,False,1.0,1.0,Object
ica_single_qn,13,False,1.0,1.0,Object
ica_single_qn,14,False,1.0,1.0,Object
ica_single_qn,15,False,1.0,1.0,Object
ica_single_qn,16,False,1.0,1.0,Object
ica_single_qn,17,False,1.0,1.0,Object
ica_single_qn,18,True,1.0,1.0,Object
ica_single_qn,19,True,0.0,1.0,Object
ica_single_qn,20,True,1.0,1.0,Relation
ica_single_qn,21,False,1.0,1.0,Relation
ica_single_qn,22,True,1.0,1.0,Relation
ica_single_qn,23,True,1.0,1.0,Relation
ica_single_qn,24,True,1.0,1.0,Relation
ica_single_qn,25,False,0.0,0.0,Relation
ica_single_qn,26,True,0.0,0.0,Relation
ica_single_qn,27,True,1.0,1.0,Relation
ica_single_qn,28,True,1.0,1.0,Relation
ica_single_qn,29,True,1.0,1.0,Relation
ica_single_qn,30,False,1.0,1.0,Relation
ica_single_qn,31,True,0.0,0.0,Relation
ica_single_qn,32,True,1.0,1.0,Relation
ica_single_qn,33,True,1.0,1.0,Relation
ica_single_qn,34,True,0.0,1.0,Relation
ica_single_qn,35,False,1.0,1.0,Relation
ica_single_qn,36,False,0.0,0.0,Relation
ica_single_qn,37,True,0.0,1.0,Relation
ica_single_qn,38,True,1.0,1.0,Relation
ica_single_qn,39,True,0.0,1.0,Relation
ica_single_qn,40,False,1.0,1.0,Relation
ica_single_qn,41,False,1.0,1.0,Relation
ica_single_qn,42,True,1.0,1.0,Relation
ica_single_qn,43,True,1.0,1.0,Relation
ica_single_qn,44,True,0.0,0.0,Relation
ica_single_qn,45,False,1.0,1.0,Relation
ica_single_qn,46,True,1.0,1.0,Relation
ica_single_qn,47,True,1.0,1.0,Relation
ica_single_qn,48,True,1.0,1.0,Relation
ica_single_qn,49,False,1.0,1.0,Object
ica_single_qn,50,True,1.0,1.0,Relation
ica_single_qn,51,False,1.0,1.0,Relation
ica_single_qn,52,False,1.0,1.0,Relation
ica_single_qn,53,False,1.0,1.0,Relation
ica_single_qn,54,True,1.0,1.0,Relation
ica_single_qn,55,False,1.0,1.0,Relation
ica_single_qn,56,True,1.0,1.0,Relation
ica_single_qn,57,False,1.0,1.0,Relation
ica_single_qn,58,True,1.0,0.0,Relation
ica_single_qn,59,True,1.0,1.0,Relation
ica_single_qn,60,True,0.0,1.0,Relation
ica_single_qn,61,True,1.0,0.0,Relation
ica_single_qn,62,False,1.0,1.0,Relation
ica_single_qn,63,False,1.0,1.0,Relation
ica_single_qn,64,True,1.0,0.0,Relation
ica_single_qn,65,True,1.0,1.0,Relation
ica_single_qn,66,True,0.0,1.0,Relation
ica_single_qn,67,True,0.0,0.0,Relation
ica_single_qn,68,False,1.0,1.0,Object
ica_single_qn,69,True,1.0,1.0,Object
ica_single_qn,70,True,1.0,0.0,Relation
ica_single_qn,71,True,1.0,1.0,Relation
ica_single_qn,72,True,1.0,1.0,Object
ica_single_qn,73,False,1.0,1.0,Both
ica_single_qn,74,False,1.0,1.0,Both
ica_single_qn,75,True,0.0,1.0,Relation
ica_single_qn,76,False,1.0,0.0,Relation
ica_single_qn,77,True,1.0,1.0,Relation
ica_single_qn,78,True,1.0,1.0,Relation
ica_single_qn,79,True,1.0,1.0,Relation
ica_single_qn,80,True,1.0,1.0,Object
ica_single_qn,81,True,0.0,0.0,Object
ica_single_qn,82,True,0.0,1.0,Relation
ica_single_qn,83,True,0.0,0.0,Relation
ica_single_qn,84,True,0.0,0.0,Object
ica_single_qn,85,True,1.0,1.0,Relation
ica_single_qn,86,True,1.0,0.0,Both
ica_single_qn,87,True,1.0,1.0,Relation
ica_single_qn,88,False,1.0,1.0,Object
ica_single_qn,89,True,0.0,0.0,Relation
ica_single_qn,90,True,1.0,1.0,Object
ica_single_qn,91,False,1.0,1.0,Object
ica_single_qn,92,True,1.0,1.0,Relation
ica_single_qn,93,True,0.0,0.0,Relation
ica_single_qn,94,True,1.0,1.0,Relation
ica_single_qn,95,True,0.0,0.0,Both
ica_single_qn,96,False,1.0,1.0,Both
ica_single_qn,97,True,1.0,1.0,Relation
ica_single_qn,98,True,1.0,1.0,Both
ica_single_qn,99,True,1.0,1.0,Relation
ica_single_qn,100,True,1.0,1.0,Relation
ica_single_qn,101,True,1.0,1.0,Relation
ica_single_qn,102,False,1.0,1.0,Relation
ica_single_qn,103,True,1.0,1.0,Relation
ica_single_qn,104,True,1.0,1.0,Relation
ica_single_qn,105,False,1.0,1.0,Relation
ica_single_qn,106,False,1.0,1.0,Relation
ica_single_qn,107,True,1.0,1.0,Relation
ica_single_qn,108,True,1.0,1.0,Relation
ica_single_qn,109,True,1.0,1.0,Relation
ica_single_qn,110,True,1.0,1.0,Relation
ica_single_qn,111,True,1.0,1.0,Relation
ica_single_qn,112,False,1.0,1.0,Relation
ica_single_qn,113,True,1.0,1.0,Relation
ica_single_qn,114,False,1.0,1.0,Relation
ica_single_qn,115,True,1.0,1.0,Relation
ica_single_qn,116,True,1.0,1.0,Relation
ica_single_qn,117,True,0.0,1.0,Relation
ica_single_qn,118,True,0.0,0.0,Relation
ica_single_qn,119,True,0.0,1.0,Relation
ica_single_qn,120,True,0.0,1.0,Relation
ica_single_qn,121,False,1.0,1.0,Relation
ica_single_qn,122,True,1.0,1.0,Relation
ica_single_qn,123,False,1.0,1.0,Relation
ica_single_qn,124,True,1.0,1.0,Relation
ica_single_qn,125,True,1.0,1.0,Relation
ica_single_qn,126,True,0.0,0.0,Relation
ica_single_qn,127,True,1.0,1.0,Relation
ica_single_qn,128,True,0.0,0.0,Relation
ica_single_qn,129,True,1.0,0.0,Relation
ica_single_qn,130,True,0.0,0.0,Relation
ica_single_qn,131,False,1.0,1.0,Object
ica_single_qn,132,True,0.0,0.0,Object
ica_single_qn,133,False,1.0,1.0,Both
ica_single_qn,134,False,1.0,1.0,Relation
ica_single_qn,135,True,1.0,1.0,Relation
ica_single_qn,136,False,1.0,1.0,Object
ica_single_qn,137,True,1.0,1.0,Relation
ica_single_qn,138,True,1.0,1.0,Relation
ica_single_qn,139,True,0.0,1.0,Relation
ica_single_qn,140,True,1.0,1.0,Object
ica_single_qn,141,True,1.0,1.0,Object
ica_single_qn,142,True,1.0,1.0,Object
ica_single_qn,143,False,1.0,1.0,Object
ica_single_qn,144,True,1.0,1.0,Object
ica_single_qn,145,True,0.0,1.0,Relation
ica_single_qn,146,True,1.0,1.0,Object
ica_single_qn,147,True,1.0,1.0,Object
ica_single_qn,148,False,1.0,1.0,Object
ica_single_qn,149,False,1.0,1.0,Object
ica_single_qn,150,True,1.0,0.0,Both
ica_single_qn,151,True,1.0,1.0,Both
ica_single_qn,152,True,1.0,0.0,Object
ica_single_qn,153,False,1.0,1.0,Object
ica_single_qn,154,False,1.0,1.0,Object
ica_single_qn,155,False,1.0,1.0,Object
ica_single_qn,156,True,0.0,1.0,Relation
ica_single_qn,157,True,0.0,1.0,Object
ica_single_qn,158,False,1.0,1.0,Object
ica_single_qn,159,True,1.0,1.0,Object
ica_single_qn,160,True,0.0,1.0,Object
ica_single_qn,161,False,1.0,1.0,Object
ica_single_qn,162,True,1.0,1.0,Object
ica_single_qn,163,False,1.0,1.0,Object
ica_single_qn,164,True,1.0,1.0,Object
ica_single_qn,165,False,1.0,1.0,Object
ica_single_qn,166,False,1.0,1.0,Object
ica_single_qn,167,False,1.0,1.0,Object
ica_single_qn,168,True,1.0,0.0,Object
ica_single_qn,169,True,1.0,1.0,Object
ica_single_qn,170,True,0.0,0.0,Object
ica_single_qn,171,True,1.0,1.0,Object
ica_single_qn,172,False,1.0,1.0,Object
ica_single_qn,173,True,1.0,1.0,Object
ica_single_qn,174,False,1.0,1.0,Object
ica_single_qn,175,True,1.0,1.0,Object
ica_single_qn,176,True,1.0,1.0,Object
ica_single_qn,177,True,1.0,1.0,Object
ica_single_qn,178,False,1.0,1.0,Object
ica_single_qn,179,False,1.0,1.0,Relation
ica_single_qn,180,True,1.0,1.0,Relation
ica_single_qn,181,False,1.0,1.0,Relation
ica_single_qn,182,True,1.0,1.0,Relation
ica_single_qn,183,True,1.0,1.0,Relation
ica_single_qn,184,True,0.0,1.0,Relation
ica_single_qn,185,True,0.0,1.0,Relation
ica_single_qn,186,True,0.0,1.0,Relation
ica_single_qn,187,True,0.0,1.0,Relation
ica_single_qn,188,False,0.0,0.0,Relation
ica_single_qn,189,True,0.0,1.0,Relation
ica_single_qn,190,True,0.0,0.0,Relation
ica_single_qn,191,False,1.0,1.0,Relation
ica_single_qn,192,True,0.0,0.0,Relation
ica_single_qn,193,True,0.0,0.0,Relation
ica_single_qn,194,True,1.0,1.0,Relation
ica_single_qn,195,False,1.0,1.0,Relation
ica_single_qn,196,True,0.0,1.0,Relation
ica_single_qn,197,True,0.0,0.0,Relation
ica_single_qn,198,False,1.0,1.0,Relation
ica_single_qn,199,True,1.0,1.0,Relation
ica_single_qn,200,True,1.0,1.0,Relation
ica_single_qn,201,True,1.0,1.0,Both
ica_single_qn,202,False,1.0,1.0,Object
ica_single_qn,203,False,1.0,1.0,Relation
ica_single_qn,204,False,1.0,1.0,Relation
ica_single_qn,205,False,1.0,1.0,Relation
ica_single_qn,206,True,0.0,0.0,Relation
ica_single_qn,207,True,1.0,1.0,Relation
ica_single_qn,208,False,1.0,1.0,Relation
ica_single_qn,209,True,0.0,1.0,Object
ica_single_qn,210,False,1.0,1.0,Object
ica_single_qn,211,True,1.0,1.0,Object
ica_single_qn,212,False,1.0,1.0,Object
ica_single_qn,213,True,0.0,0.0,Object
ica_single_qn,214,True,0.0,0.0,Relation
ica_single_qn,215,False,1.0,1.0,Relation
ica_single_qn,216,False,1.0,1.0,Object
ica_single_qn,217,True,0.0,0.0,Object
ica_single_qn,218,True,0.0,0.0,Object
ica_single_qn,219,False,1.0,1.0,Object
ica_single_qn,220,True,1.0,1.0,Object
ica_single_qn,221,True,0.0,0.0,Object
ica_single_qn,222,False,1.0,1.0,Both
ica_single_qn,223,True,0.0,0.0,Relation
ica_single_qn,224,False,1.0,1.0,Both
ica_single_qn,225,True,1.0,1.0,Relation
ica_single_qn,226,True,0.0,1.0,Object
ica_single_qn,227,False,1.0,1.0,Object
ica_single_qn,228,True,1.0,1.0,Object
ica_single_qn,229,False,1.0,1.0,Object
ica_single_qn,230,True,0.0,0.0,Relation
ica_single_qn,231,True,0.0,1.0,Object
ica_single_qn,232,True,0.0,0.0,Relation
ica_single_qn,233,True,0.0,0.0,Object
ica_single_qn,234,True,1.0,1.0,Object
ica_single_qn,235,False,1.0,1.0,Object
ica_single_qn,236,True,0.0,0.0,Object
ica_single_qn,237,False,1.0,1.0,Relation
ica_single_qn,238,True,1.0,0.0,Relation
ica_single_qn,239,True,1.0,1.0,Relation
ica_single_qn,240,False,0.0,0.0,Relation
ica_single_qn,241,True,0.0,1.0,Relation
ica_single_qn,242,False,0.0,1.0,Relation
ica_single_qn,243,True,1.0,1.0,Object
ica_single_qn,244,False,1.0,1.0,Relation
ica_single_qn,245,False,1.0,1.0,Object
ica_single_qn,246,False,1.0,1.0,Object
ica_single_qn,247,False,1.0,1.0,Object
ica_single_qn,248,True,0.0,1.0,Relation
ica_single_qn,249,True,0.0,1.0,Object
ica_single_qn,250,False,1.0,1.0,Object
ica_single_qn,251,False,1.0,1.0,Object
ica_single_qn,252,True,1.0,1.0,Relation
ica_single_qn,253,True,1.0,1.0,Relation
ica_single_qn,254,False,1.0,1.0,Relation
ica_single_qn,255,True,0.0,0.0,Object
ica_single_qn,256,True,0.0,0.0,Object
ica_single_qn,257,True,1.0,1.0,Object
ica_single_qn,258,True,0.0,1.0,Relation
ica_single_qn,259,True,1.0,1.0,Relation
ica_single_qn,260,True,0.0,0.0,Relation
ica_single_qn,261,True,1.0,1.0,Relation
ica_single_qn,262,True,0.0,0.0,Both
ica_single_qn,263,True,0.0,0.0,Relation
ica_single_qn,264,False,1.0,1.0,Object
ica_single_qn,265,True,1.0,1.0,Object
ica_single_qn,266,True,0.0,1.0,Relation
ica_single_qn,267,False,1.0,1.0,Relation
ica_single_qn,268,True,0.0,0.0,Relation
ica_single_qn,269,False,1.0,1.0,Relation
ica_single_qn,270,False,1.0,1.0,Relation
ica_single_qn,271,True,1.0,1.0,Relation
ica_single_qn,272,False,1.0,1.0,Object
ica_single_qn,273,True,1.0,1.0,Relation
ica_single_qn,274,True,0.0,0.0,Object
ica_single_qn,275,True,1.0,1.0,Object
ica_single_qn,276,False,1.0,1.0,Relation
ica_single_qn,277,True,1.0,1.0,Relation
ica_single_qn,278,True,1.0,1.0,Relation
ica_single_qn,279,True,1.0,1.0,Relation
ica_single_qn,280,True,1.0,1.0,Relation
ica_single_qn,281,True,1.0,1.0,Relation
ica_single_qn,282,False,1.0,1.0,Relation
ica_single_qn,283,True,0.0,1.0,Relation
ica_single_qn,284,True,1.0,1.0,Relation
ica_single_qn,285,True,0.0,0.0,Object
ica_single_qn,286,False,1.0,1.0,Object
ica_single_qn,287,True,0.0,0.0,Relation
ica_single_qn,288,True,1.0,1.0,Relation
ica_single_qn,289,True,0.0,0.0,Object
ica_single_qn,290,True,1.0,1.0,Object
ica_single_qn,291,True,0.0,1.0,Relation
ica_single_qn,292,False,1.0,1.0,Relation
ica_single_qn,293,False,0.0,0.0,Object
ica_single_qn,294,False,1.0,1.0,Relation
ica_single_qn,295,True,1.0,0.0,Relation
ica_single_qn,296,True,1.0,1.0,Object
ica_single_qn,297,True,0.0,1.0,Relation
ica_single_qn,298,True,0.0,0.0,Relation
ica_single_qn,299,True,1.0,1.0,Relation
ica_single_qn,300,False,0.0,0.0,Relation
ica_single_qn,301,False,1.0,1.0,Object
ica_single_qn,302,True,1.0,1.0,Object
ica_single_qn,303,True,1.0,1.0,Relation
ica_single_qn,304,True,0.0,0.0,Relation
ica_single_qn,305,True,0.0,0.0,Both
ica_single_qn,306,True,1.0,1.0,Object
ica_single_qn,307,True,0.0,0.0,Both
ica_single_qn,308,True,0.0,1.0,Relation
ica_single_qn,309,False,1.0,1.0,Object
ica_single_qn,310,False,1.0,1.0,Object
ica_single_qn,311,True,1.0,1.0,Relation
ica_single_qn,312,False,1.0,1.0,Relation
ica_single_qn,313,False,1.0,1.0,Object
ica_single_qn,314,False,1.0,1.0,Relation
ica_single_qn,315,True,1.0,1.0,Object
ica_single_qn,316,True,0.0,0.0,Relation
ica_single_qn,317,False,0.0,1.0,Relation
ica_single_qn,318,True,1.0,1.0,Relation
ica_single_qn,319,True,1.0,1.0,Object
ica_single_qn,320,True,1.0,0.0,Object
ica_single_qn,321,True,1.0,1.0,Both
ica_single_qn,322,False,0.0,0.0,Object
ica_single_qn,323,True,1.0,1.0,Object
ica_single_qn,324,False,0.0,0.0,Object
ica_single_qn,325,False,1.0,1.0,Both
ica_single_qn,326,True,0.0,1.0,Relation
ica_single_qn,327,False,1.0,1.0,Both
ica_single_qn,328,False,1.0,1.0,Relation
ica_single_qn,329,False,1.0,1.0,Relation
ica_single_qn,330,False,1.0,1.0,Relation
ica_single_qn,331,True,0.0,0.0,Relation
ica_single_qn,332,False,1.0,1.0,Object
ica_single_qn,333,False,1.0,1.0,Both
ica_single_qn,334,True,1.0,0.0,Both
ica_single_qn,335,True,0.0,1.0,Relation
ica_single_qn,336,True,0.0,0.0,Relation
ica_single_qn,337,False,1.0,1.0,Both
ica_single_qn,338,False,0.0,0.0,Relation
ica_single_qn,339,True,1.0,1.0,Object
ica_single_qn,340,False,1.0,1.0,Relation
ica_single_qn,341,False,1.0,1.0,Relation
ica_single_qn,342,True,0.0,1.0,Both
ica_single_qn,343,False,1.0,1.0,Relation
ica_single_qn,344,True,0.0,0.0,Object
ica_single_qn,345,True,0.0,1.0,Relation
ica_single_qn,346,True,1.0,0.0,Relation
ica_single_qn,347,True,0.0,0.0,Relation
ica_single_qn,348,True,1.0,1.0,Relation
ica_single_qn,349,True,1.0,1.0,Object
ica_single_qn,350,True,0.0,0.0,Both
ica_single_qn,351,True,0.0,1.0,Both
ica_single_qn,352,True,0.0,0.0,Object
ica_single_qn,353,False,1.0,1.0,Relation
ica_single_qn,354,True,1.0,1.0,Object
ica_single_qn,355,False,1.0,1.0,Relation
ica_single_qn,356,True,0.0,0.0,Relation
ica_single_qn,357,True,1.0,0.0,Relation
ica_single_qn,358,True,1.0,1.0,Relation
ica_single_qn,359,True,1.0,1.0,Relation
ica_single_qn,360,False,1.0,1.0,Object
ica_single_qn,361,True,0.0,1.0,Object
ica_single_qn,362,False,1.0,1.0,Object
ica_single_qn,363,True,1.0,1.0,Object
ica_single_qn,364,False,1.0,1.0,Both
ica_single_qn,365,False,1.0,1.0,Object
ica_single_qn,366,False,1.0,1.0,Relation
ica_single_qn,367,True,1.0,1.0,Object
ica_single_qn,368,True,1.0,1.0,Object
ica_single_qn,369,True,0.0,0.0,Object
ica_single_qn,370,False,1.0,1.0,Relation
ica_single_qn,371,True,0.0,0.0,Object
ica_single_qn,372,False,1.0,1.0,Object
ica_single_qn,373,False,1.0,1.0,Object
ica_single_qn,374,True,1.0,1.0,Relation
ica_single_qn,375,False,0.0,0.0,Relation
ica_single_qn,376,True,1.0,1.0,Both
ica_single_qn,377,True,1.0,1.0,Relation
ica_single_qn,378,True,1.0,1.0,Object
ica_single_qn,379,False,1.0,1.0,Object
ica_single_qn,380,False,1.0,1.0,Relation
ica_single_qn,381,True,1.0,0.0,Relation
ica_single_qn,382,True,1.0,1.0,Relation
ica_single_qn,383,True,0.0,0.0,Relation
ica_single_qn,384,True,1.0,1.0,Object
ica_single_qn,385,True,1.0,0.0,Relation
ica_single_qn,386,False,1.0,1.0,Relation
ica_single_qn,387,True,0.0,0.0,Relation
ica_single_qn,388,True,1.0,1.0,Relation
ica_single_qn,389,True,1.0,1.0,Object
ica_single_qn,390,True,0.0,0.0,Relation
ica_single_qn,391,True,1.0,0.0,Relation
ica_single_qn,392,True,1.0,1.0,Relation
ica_single_qn,393,False,1.0,1.0,Object
ica_single_qn,394,True,1.0,0.0,Relation
ica_single_qn,395,True,0.0,1.0,Object
ica_single_qn,396,True,0.0,1.0,Relation
ica_single_qn,397,True,0.0,1.0,Relation
ica_single_qn,398,True,1.0,1.0,Relation
ica_single_qn,399,True,0.0,0.0,Relation
ica_no_cs,0,False,1.0,1.0,Relation
ica_no_cs,1,True,1.0,1.0,Relation
ica_no_cs,2,True,1.0,1.0,Relation
ica_no_cs,3,True,0.0,0.0,Object
ica_no_cs,4,True,0.0,1.0,Relation
ica_no_cs,5,False,1.0,1.0,Object
ica_no_cs,6,False,1.0,1.0,Object
ica_no_cs,7,False,1.0,1.0,Object
ica_no_cs,8,False,1.0,1.0,Object
ica_no_cs,9,False,1.0,1.0,Object
ica_no_cs,10,True,1.0,1.0,Object
ica_no_cs,11,False,1.0,1.0,Object
ica_no_cs,12,False,1.0,1.0,Object
ica_no_cs,13,False,1.0,1.0,Object
ica_no_cs,14,False,1.0,1.0,Object
ica_no_cs,15,False,1.0,1.0,Object
ica_no_cs,16,False,1.0,1.0,Object
ica_no_cs,17,False,1.0,1.0,Object
ica_no_cs,18,True,1.0,1.0,Object
ica_no_cs,19,True,0.0,1.0,Object
ica_no_cs,20,True,1.0,1.0,Relation
ica_no_cs,21,False,1.0,1.0,Relation
ica_no_cs,22,True,1.0,1.0,Relation
ica_no_cs,23,True,1.0,1.0,Relation
ica_no_cs,24,True,1.0,1.0,Relation
ica_no_cs,25,False,0.0,0.0,Relation
ica_no_cs,26,True,0.0,0.0,Relation
ica_no_cs,27,True,1.0,1.0,Relation
ica_no_cs,28,True,1.0,1.0,Relation
ica_no_cs,29,False,1.0,1.0,Relation
ica_no_cs,30,False,1.0,1.0,Relation
ica_no_cs,31,True,0.0,1.0,Relation
ica_no_cs,32,True,1.0,1.0,Relation
ica_no_cs,33,True,1.0,0.0,Relation
ica_no_cs,34,True,0.0,0.0,Relation
ica_no_cs,35,False,1.0,1.0,Relation
ica_no_cs,36,False,0.0,0.0,Relation
ica_no_cs,37,True,0.0,1.0,Relation
ica_no_cs,38,True,1.0,1.0,Relation
ica_no_cs,39,True,0.0,1.0,Relation
ica_no_cs,40,False,1.0,1.0,Relation
ica_no_cs,41,False,1.0,1.0,Relation
ica_no_cs,42,True,1.0,1.0,Relation
ica_no_cs,43,True,1.0,1.0,Relation
ica_no_cs,44,True,0.0,0.0,Relation
ica_no_cs,45,False,1.0,1.0,Relation
ica_no_cs,46,True,1.0,1.0,Relation
ica_no_cs,47,True,1.0,1.0,Relation
ica_no_cs,48,True,1.0,1.0,Relation
ica_no_cs,49,False,1.0,1.0,Object
ica_no_cs,50,True,1.0,1.0,Relation
ica_no_cs,51,False,1.0,1.0,Relation
ica_no_cs,52,False,1.0,1.0,Relation
ica_no_cs,53,False,1.0,1.0,Relation
ica_no_cs,54,True,1.0,1.0,Relation
ica_no_cs,55,False,1.0,1.0,Relation
ica_no_cs,56,True,1.0,1.0,Relation
ica_no_cs,57,False,1.0,1.0,Relation
ica_no_cs,58,True,1.0,0.0,Relation
ica_no_cs,59,False,1.0,1.0,Relation
ica_no_cs,60,True,0.0,1.0,Relation
ica_no_cs,61,True,1.0,1.0,Relation
ica_no_cs,62,False,1.0,1.0,Relation
ica_no_cs,63,False,1.0,1.0,Relation
ica_no_cs,64,True,1.0,0.0,Relation
ica_no_cs,65,True,1.0,1.0,Relation
ica_no_cs,66,True,0.0,1.0,Relation
ica_no_cs,67,True,0.0,0.0,Relation
ica_no_cs,68,False,1.0,1.0,Object
ica_no_cs,69,True,1.0,1.0,Object
ica_no_cs,70,True,1.0,1.0,Relation
ica_no_cs,71,False,1.0,1.0,Relation
ica_no_cs,72,True,1.0,1.0,Object
ica_no_cs,73,False,1.0,1.0,Both
ica_no_cs,74,False,1.0,1.0,Both
ica_no_cs,75,True,0.0,1.0,Relation
ica_no_cs,76,False,1.0,0.0,Relation
ica_no_cs,77,True,1.0,1.0,Relation
ica_no_cs,78,True,1.0,0.0,Relation
ica_no_cs,79,True,1.0,1.0,Relation
ica_no_cs,80,True,1.0,1.0,Object
ica_no_cs,81,True,0.0,0.0,Object
ica_no_cs,82,True,0.0,1.0,Relation
ica_no_cs,83,True,0.0,0.0,Relation
ica_no_cs,84,True,0.0,0.0,Object
ica_no_cs,85,True,1.0,1.0,Relation
ica_no_cs,86,True,1.0,1.0,Both
ica_no_cs,87,True,1.0,1.0,Relation
ica_no_cs,88,False,1.0,1.0,Object
ica_no_cs,89,True,0.0,1.0,Relation
ica_no_cs,90,True,1.0,1.0,Object
ica_no_cs,91,False,1.0,1.0,Object
ica_no_cs,92,True,1.0,1.0,Relation
ica_no_cs,93,True,0.0,0.0,Relation
ica_no_cs,94,True,1.0,1.0,Relation
ica_no_cs,95,True,0.0,0.0,Both
ica_no_cs,96,False,1.0,1.0,Both
ica_no_cs,97,True,1.0,1.0,Relation
ica_no_cs,98,True,1.0,1.0,Both
ica_no_cs,99,True,1.0,1.0,Relation
ica_no_cs,100,True,1.0,1.0,Relation
ica_no_cs,101,True,1.0,1.0,Relation
ica_no_cs,102,False,1.0,1.0,Relation
ica_no_cs,103,True,1.0,1.0,Relation
ica_no_cs,104,True,1.0,1.0,Relation
ica_no_cs,105,False,1.0,1.0,Relation
ica_no_cs,106,False,1.0,1.0,Relation
ica_no_cs,107,True,1.0,1.0,Relation
ica_no_cs,108,True,1.0,1.0,Relation
ica_no_cs,109,True,1.0,1.0,Relation
ica_no_cs,110,True,1.0,0.0,Relation
ica_no_cs,111,True,1.0,1.0,Relation
ica_no_cs,112,False,1.0,1.0,Relation
ica_no_cs,113,True,1.0,1.0,Relation
ica_no_cs,114,False,1.0,1.0,Relation
ica_no_cs,115,True,1.0,1.0,Relation
ica_no_cs,116,True,1.0,1.0,Relation
ica_no_cs,117,True,0.0,0.0,Relation
ica_no_cs,118,True,0.0,0.0,Relation
ica_no_cs,119,True,0.0,1.0,Relation
ica_no_cs,120,True,0.0,1.0,Relation
ica_no_cs,121,False,1.0,1.0,Relation
ica_no_cs,122,True,1.0,1.0,Relation
ica_no_cs,123,False,1.0,1.0,Relation
ica_no_cs,124,True,1.0,1.0,Relation
ica_no_cs,125,True,1.0,1.0,Relation
ica_no_cs,126,True,0.0,0.0,Relation
ica_no_cs,127,True,1.0,1.0,Relation
ica_no_cs,128,True,0.0,0.0,Relation
ica_no_cs,129,True,1.0,0.0,Relation
ica_no_cs,130,True,0.0,0.0,Relation
ica_no_cs,131,False,1.0,1.0,Object
ica_no_cs,132,False,0.0,1.0,Object
ica_no_cs,133,False,1.0,1.0,Both
ica_no_cs,134,False,1.0,1.0,Relation
ica_no_cs,135,True,1.0,1.0,Relation
ica_no_cs,136,True,1.0,1.0,Object
ica_no_cs,137,True,1.0,1.0,Relation
ica_no_cs,138,True,1.0,1.0,Relation
ica_no_cs,139,True,0.0,1.0,Relation
ica_no_cs,140,True,1.0,1.0,Object
ica_no_cs,141,False,1.0,1.0,Object
ica_no_cs,142,True,1.0,1.0,Object
ica_no_cs,143,False,1.0,1.0,Object
ica_no_cs,144,True,1.0,1.0,Object
ica_no_cs,145,True,0.0,1.0,Relation
ica_no_cs,146,True,1.0,1.0,Object
ica_no_cs,147,True,1.0,1.0,Object
ica_no_cs,148,False,1.0,1.0,Object
ica_no_cs,149,False,1.0,1.0,Object
ica_no_cs,150,False,1.0,0.0,Both
ica_no_cs,151,False,1.0,1.0,Both
ica_no_cs,152,True,1.0,0.0,Object
ica_no_cs,153,False,1.0,1.0,Object
ica_no_cs,154,False,1.0,1.0,Object
ica_no_cs,155,False,1.0,1.0,Object
ica_no_cs,156,True,0.0,1.0,Relation
ica_no_cs,157,True,0.0,1.0,Object
ica_no_cs,158,False,1.0,1.0,Object
ica_no_cs,159,True,1.0,1.0,Object
ica_no_cs,160,True,0.0,1.0,Object
ica_no_cs,161,False,1.0,1.0,Object
ica_no_cs,162,False,1.0,1.0,Object
ica_no_cs,163,False,1.0,1.0,Object
ica_no_cs,164,True,1.0,1.0,Object
ica_no_cs,165,False,1.0,1.0,Object
ica_no_cs,166,False,1.0,1.0,Object
ica_no_cs,167,False,1.0,1.0,Object
ica_no_cs,168,True,1.0,0.0,Object
ica_no_cs,169,False,1.0,1.0,Object
ica_no_cs,170,True,0.0,1.0,Object
ica_no_cs,171,True,1.0,1.0,Object
ica_no_cs,172,False,1.0,1.0,Object
ica_no_cs,173,False,1.0,1.0,Object
ica_no_cs,174,False,1.0,1.0,Object
ica_no_cs,175,True,1.0,1.0,Object
ica_no_cs,176,True,1.0,1.0,Object
ica_no_cs,177,True,1.0,1.0,Object
ica_no_cs,178,False,1.0,1.0,Object
ica_no_cs,179,True,1.0,1.0,Relation
ica_no_cs,180,True,1.0,1.0,Relation
ica_no_cs,181,False,1.0,1.0,Relation
ica_no_cs,182,True,1.0,1.0,Relation
ica_no_cs,183,True,1.0,1.0,Relation
ica_no_cs,184,True,0.0,1.0,Relation
ica_no_cs,185,True,0.0,1.0,Relation
ica_no_cs,186,True,0.0,1.0,Relation
ica_no_cs,187,True,0.0,1.0,Relation
ica_no_cs,188,False,0.0,0.0,Relation
ica_no_cs,189,True,0.0,0.0,Relation
ica_no_cs,190,True,0.0,0.0,Relation
ica_no_cs,191,True,1.0,1.0,Relation
ica_no_cs,192,True,0.0,1.0,Relation
ica_no_cs,193,True,0.0,0.0,Relation
ica_no_cs,194,True,1.0,1.0,Relation
ica_no_cs,195,False,1.0,1.0,Relation
ica_no_cs,196,True,0.0,1.0,Relation
ica_no_cs,197,True,0.0,0.0,Relation
ica_no_cs,198,False,1.0,1.0,Relation
ica_no_cs,199,True,1.0,1.0,Relation
ica_no_cs,200,True,1.0,1.0,Relation
ica_no_cs,201,True,1.0,1.0,Both
ica_no_cs,202,False,1.0,1.0,Object
ica_no_cs,203,False,1.0,1.0,Relation
ica_no_cs,204,False,1.0,1.0,Relation
ica_no_cs,205,False,1.0,1.0,Relation
ica_no_cs,206,True,0.0,1.0,Relation
ica_no_cs,207,True,1.0,1.0,Relation
ica_no_cs,208,True,1.0,1.0,Relation
ica_no_cs,209,True,0.0,1.0,Object
ica_no_cs,210,False,1.0,1.0,Object
ica_no_cs,211,True,1.0,1.0,Object
ica_no_cs,212,False,1.0,1.0,Object
ica_no_cs,213,True,0.0,0.0,Object
ica_no_cs,214,True,0.0,0.0,Relation
ica_no_cs,215,True,1.0,0.0,Relation
ica_no_cs,216,False,1.0,1.0,Object
ica_no_cs,217,True,0.0,1.0,Object
ica_no_cs,218,True,0.0,0.0,Object
ica_no_cs,219,False,1.0,1.0,Object
ica_no_cs,220,True,1.0,0.0,Object
ica_no_cs,221,True,0.0,0.0,Object
ica_no_cs,222,True,1.0,1.0,Both
ica_no_cs,223,True,0.0,0.0,Relation
ica_no_cs,224,False,1.0,1.0,Both
ica_no_cs,225,True,1.0,1.0,Relation
ica_no_cs,226,True,0.0,0.0,Object
ica_no_cs,227,False,1.0,1.0,Object
ica_no_cs,228,True,1.0,1.0,Object
ica_no_cs,229,False,1.0,1.0,Object
ica_no_cs,230,True,0.0,0.0,Relation
ica_no_cs,231,True,0.0,0.0,Object
ica_no_cs,232,True,0.0,0.0,Relation
ica_no_cs,233,True,0.0,0.0,Object
ica_no_cs,234,True,1.0,1.0,Object
ica_no_cs,235,False,1.0,1.0,Object
ica_no_cs,236,True,0.0,0.0,Object
ica_no_cs,237,False,1.0,1.0,Relation
ica_no_cs,238,True,1.0,1.0,Relation
ica_no_cs,239,True,1.0,1.0,Relation
ica_no_cs,240,True,0.0,0.0,Relation
ica_no_cs,241,True,0.0,1.0,Relation
ica_no_cs,242,False,0.0,1.0,Relation
ica_no_cs,243,True,1.0,1.0,Object
ica_no_cs,244,False,1.0,1.0,Relation
ica_no_cs,245,False,1.0,1.0,Object
ica_no_cs,246,False,1.0,1.0,Object
ica_no_cs,247,False,1.0,1.0,Object
ica_no_cs,248,True,0.0,1.0,Relation
ica_no_cs,249,True,0.0,1.0,Object
ica_no_cs,250,False,1.0,1.0,Object
ica_no_cs,251,False,1.0,1.0,Object
ica_no_cs,252,True,1.0,1.0,Relation
ica_no_cs,253,False,1.0,1.0,Relation
ica_no_cs,254,False,1.0,1.0,Relation
ica_no_cs,255,True,0.0,0.0,Object
ica_no_cs,256,True,0.0,1.0,Object
ica_no_cs,257,True,1.0,1.0,Object
ica_no_cs,258,True,0.0,0.0,Relation
ica_no_cs,259,True,1.0,1.0,Relation
ica_no_cs,260,True,0.0,0.0,Relation
ica_no_cs,261,True,1.0,0.0,Relation
ica_no_cs,262,True,0.0,0.0,Both
ica_no_cs,263,True,0.0,0.0,Relation
ica_no_cs,264,False,1.0,1.0,Object
ica_no_cs,265,True,1.0,1.0,Object
ica_no_cs,266,True,0.0,0.0,Relation
ica_no_cs,267,False,1.0,1.0,Relation
ica_no_cs,268,True,0.0,0.0,Relation
ica_no_cs,269,False,1.0,1.0,Relation
ica_no_cs,270,False,1.0,1.0,Relation
ica_no_cs,271,True,1.0,1.0,Relation
ica_no_cs,272,True,1.0,1.0,Object
ica_no_cs,273,True,1.0,1.0,Relation
ica_no_cs,274,True,0.0,0.0,Object
ica_no_cs,275,True,1.0,1.0,Object
ica_no_cs,276,False,1.0,1.0,Relation
ica_no_cs,277,True,1.0,1.0,Relation
ica_no_cs,278,True,1.0,1.0,Relation
ica_no_cs,279,True,1.0,1.0,Relation
ica_no_cs,280,True,1.0,1.0,Relation
ica_no_cs,281,True,1.0,1.0,Relation
ica_no_cs,282,False,1.0,1.0,Relation
ica_no_cs,283,True,0.0,1.0,Relation
ica_no_cs,284,True,1.0,1.0,Relation
ica_no_cs,285,True,0.0,0.0,Object
ica_no_cs,286,True,1.0,0.0,Object
ica_no_cs,287,True,0.0,1.0,Relation
ica_no_cs,288,True,1.0,1.0,Relation
ica_no_cs,289,True,0.0,1.0,Object
ica_no_cs,290,True,1.0,1.0,Object
ica_no_cs,291,True,0.0,1.0,Relation
ica_no_cs,292,False,1.0,1.0,Relation
ica_no_cs,293,False,0.0,0.0,Object
ica_no_cs,294,False,1.0,1.0,Relation
ica_no_cs,295,True,1.0,0.0,Relation
ica_no_cs,296,True,1.0,1.0,Object
ica_no_cs,297,True,0.0,1.0,Relation
ica_no_cs,298,True,0.0,1.0,Relation
ica_no_cs,299,True,1.0,1.0,Relation
ica_no_cs,300,False,0.0,0.0,Relation
ica_no_cs,301,False,1.0,1.0,Object
ica_no_cs,302,True,1.0,1.0,Object
ica_no_cs,303,True,1.0,1.0,Relation
ica_no_cs,304,True,0.0,0.0,Relation
ica_no_cs,305,True,0.0,0.0,Both
ica_no_cs,306,True,1.0,1.0,Object
ica_no_cs,307,True,0.0,0.0,Both
ica_no_cs,308,True,0.0,1.0,Relation
ica_no_cs,309,False,1.0,1.0,Object
ica_no_cs,310,True,1.0,1.0,Object
ica_no_cs,311,True,1.0,0.0,Relation
ica_no_cs,312,False,1.0,1.0,Relation
ica_no_cs,313,False,1.0,1.0,Object
ica_no_cs,314,False,1.0,1.0,Relation
ica_no_cs,315,True,1.0,1.0,Object
ica_no_cs,316,True,0.0,0.0,Relation
ica_no_cs,317,False,0.0,1.0,Relation
ica_no_cs,318,True,1.0,1.0,Relation
ica_no_cs,319,True,1.0,1.0,Object
ica_no_cs,320,False,1.0,1.0,Object
ica_no_cs,321,True,1.0,1.0,Both
ica_no_cs,322,False,0.0,0.0,Object
ica_no_cs,323,True,1.0,1.0,Object
ica_no_cs,324,False,0.0,0.0,Object
ica_no_cs,325,False,1.0,1.0,Both
ica_no_cs,326,True,0.0,1.0,Relation
ica_no_cs,327,False,1.0,1.0,Both
ica_no_cs,328,False,1.0,1.0,Relation
ica_no_cs,329,False,1.0,1.0,Relation
ica_no_cs,330,False,1.0,1.0,Relation
ica_no_cs,331,True,0.0,0.0,Relation
ica_no_cs,332,False,1.0,1.0,Object
ica_no_cs,333,False,1.0,1.0,Both
ica_no_cs,334,True,1.0,0.0,Both
ica_no_cs,335,True,0.0,1.0,Relation
ica_no_cs,336,True,0.0,1.0,Relation
ica_no_cs,337,True,1.0,1.0,Both
ica_no_cs,338,True,0.0,0.0,Relation
ica_no_cs,339,False,1.0,1.0,Object
ica_no_cs,340,False,1.0,1.0,Relation
ica_no_cs,341,False,1.0,1.0,Relation
ica_no_cs,342,True,0.0,0.0,Both
ica_no_cs,343,False,1.0,1.0,Relation
ica_no_cs,344,True,0.0,1.0,Object
ica_no_cs,345,True,0.0,1.0,Relation
ica_no_cs,346,True,1.0,1.0,Relation
ica_no_cs,347,True,0.0,0.0,Relation
ica_no_cs,348,True,1.0,1.0,Relation
ica_no_cs,349,True,1.0,1.0,Object
ica_no_cs,350,True,0.0,1.0,Both
ica_no_cs,351,True,0.0,0.0,Both
ica_no_cs,352,True,0.0,0.0,Object
ica_no_cs,353,False,1.0,1.0,Relation
ica_no_cs,354,True,1.0,1.0,Object
ica_no_cs,355,True,1.0,1.0,Relation
ica_no_cs,356,True,0.0,0.0,Relation
ica_no_cs,357,True,1.0,0.0,Relation
ica_no_cs,358,True,1.0,1.0,Relation
ica_no_cs,359,True,1.0,1.0,Relation
ica_no_cs,360,True,1.0,1.0,Object
ica_no_cs,361,True,0.0,1.0,Object
ica_no_cs,362,False,1.0,1.0,Object
ica_no_cs,363,False,1.0,1.0,Object
ica_no_cs,364,False,1.0,1.0,Both
ica_no_cs,365,False,1.0,1.0,Object
ica_no_cs,366,False,1.0,1.0,Relation
ica_no_cs,367,True,1.0,1.0,Object
ica_no_cs,368,True,1.0,1.0,Object
ica_no_cs,369,True,0.0,0.0,Object
ica_no_cs,370,False,1.0,1.0,Relation
ica_no_cs,371,True,0.0,0.0,Object
ica_no_cs,372,False,1.0,1.0,Object
ica_no_cs,373,False,1.0,1.0,Object
ica_no_cs,374,True,1.0,0.0,Relation
ica_no_cs,375,False,0.0,0.0,Relation
ica_no_cs,376,True,1.0,1.0,Both
ica_no_cs,377,True,1.0,1.0,Relation
ica_no_cs,378,True,1.0,1.0,Object
ica_no_cs,379,False,1.0,1.0,Object
ica_no_cs,380,False,1.0,1.0,Relation
ica_no_cs,381,True,1.0,0.0,Relation
ica_no_cs,382,True,1.0,1.0,Relation
ica_no_cs,383,True,0.0,0.0,Relation
ica_no_cs,384,False,1.0,1.0,Object
ica_no_cs,385,True,1.0,0.0,Relation
ica_no_cs,386,False,1.0,1.0,Relation
ica_no_cs,387,True,0.0,0.0,Relation
ica_no_cs,388,True,1.0,1.0,Relation
ica_no_cs,389,True,1.0,1.0,Object
ica_no_cs,390,True,0.0,0.0,Relation
ica_no_cs,391,True,1.0,0.0,Relation
ica_no_cs,392,True,1.0,1.0,Relation
ica_no_cs,393,False,1.0,1.0,Object
ica_no_cs,394,True,1.0,0.0,Relation
ica_no_cs,395,True,0.0,1.0,Object
ica_no_cs,396,True,0.0,0.0,Relation
ica_no_cs,397,True,0.0,1.0,Relation
ica_no_cs,398,True,1.0,1.0,Relation
ica_no_cs,399,True,0.0,1.0,Relation
