test_id,solve_rate,n_models,all_correct,all_wrong
0000_neg_0,0.875,8,False,False
0000_pos_0,0.75,8,False,False
0001_neg_0,0.5,8,False,False
0001_pos_0,0.75,8,False,False
0002_neg_0,0.875,8,False,False
0002_pos_0,0.875,8,False,False
0003_neg_0,0.625,8,False,False
0003_pos_0,0.75,8,False,False
0004_neg_0,0.5,8,False,False
0004_pos_0,0.625,8,False,False
0005_neg_0,0.125,8,False,False
0005_pos_0,0.5,8,False,False
0006_neg_0,0.75,8,False,False
0006_pos_0,0.875,8,False,False
0007_neg_0,1.0,8,True,False
0007_pos_0,1.0,8,True,False
0008_neg_0,0.75,8,False,False
0008_pos_0,0.75,8,False,False
0009_neg_0,1.0,8,True,False
0009_pos_0,0.875,8,False,False
0010_neg_0,0.75,8,False,False
0010_pos_0,1.0,8,True,False
0011_neg_0,0.875,8,False,False
0011_pos_0,0.5,8,False,False
0012_neg_0,0.625,8,False,False
0012_pos_0,0.75,8,False,False
0013_neg_0,0.75,8,False,False
0013_pos_0,0.75,8,False,False
0014_neg_0,0.25,8,False,False
0014_pos_0,0.625,8,False,False
0015_neg_0,0.875,8,False,False
0015_pos_0,0.625,8,False,False
0016_neg_0,0.75,8,False,False
0016_pos_0,0.875,8,False,False
0017_neg_0,0.875,8,False,False
0017_pos_0,0.625,8,False,False
0018_neg_0,0.5,8,False,False
0018_pos_0,0.75,8,False,False
0019_neg_0,0.625,8,False,False
0019_pos_0,0.625,8,False,False
0020_neg_0,0.5,8,False,False
0020_pos_0,1.0,8,True,False
0021_neg_0,0.25,8,False,False
0021_pos_0,0.875,8,False,False
0022_neg_0,0.5,8,False,False
0022_pos_0,0.625,8,False,False
0023_neg_0,0.875,8,False,False
0023_pos_0,0.875,8,False,False
0024_neg_0,0.5,8,False,False
0024_pos_0,1.0,8,True,False
0025_neg_0,0.5,8,False,False
0025_pos_0,0.75,8,False,False
0026_neg_0,0.875,8,False,False
0026_pos_0,0.875,8,False,False
0027_neg_0,0.875,8,False,False
0027_pos_0,0.875,8,False,False
0028_neg_0,0.75,8,False,False
0028_pos_0,0.75,8,False,False
0029_neg_0,0.75,8,False,False
0029_pos_0,0.875,8,False,False
0030_neg_0,0.75,8,False,False
0030_pos_0,0.875,8,False,False
0031_neg_0,0.625,8,False,False
0031_pos_0,0.5,8,False,False
0032_neg_0,0.75,8,False,False
0032_pos_0,0.625,8,False,False
0033_neg_0,0.25,8,False,False
0033_pos_0,0.625,8,False,False
0034_neg_0,0.625,8,False,False
0034_pos_0,0.625,8,False,False
0035_neg_0,0.75,8,False,False
0035_pos_0,0.75,8,False,False
0036_neg_0,0.25,8,False,False
0036_pos_0,0.5,8,False,False
0037_neg_0,0.25,8,False,False
0037_pos_0,0.75,8,False,False
0038_neg_0,0.75,8,False,False
0038_pos_0,0.875,8,False,False
0039_neg_0,0.875,8,False,False
0039_pos_0,0.875,8,False,False
0040_neg_0,0.75,8,False,False
0040_pos_0,0.75,8,False,False
0041_neg_0,0.375,8,False,False
0041_pos_0,0.75,8,False,False
0042_neg_0,0.5,8,False,False
0042_pos_0,0.625,8,False,False
0043_neg_0,0.875,8,False,False
0043_pos_0,0.75,8,False,False
0044_neg_0,0.875,8,False,False
0044_pos_0,0.75,8,False,False
0045_neg_0,0.75,8,False,False
0045_pos_0,0.625,8,False,False
0046_neg_0,0.75,8,False,False
0046_pos_0,0.875,8,False,False
0047_neg_0,0.625,8,False,False
0047_pos_0,0.375,8,False,False
0048_neg_0,0.625,8,False,False
0048_pos_0,0.875,8,False,False
0049_neg_0,0.875,8,False,False
0049_pos_0,0.625,8,False,False
0050_neg_0,0.75,8,False,False
0050_pos_0,0.625,8,False,False
0051_neg_0,0.875,8,False,False
0051_pos_0,0.875,8,False,False
0052_neg_0,0.5,8,False,False
0052_pos_0,0.375,8,False,False
0053_neg_0,0.875,8,False,False
0053_pos_0,0.875,8,False,False
0054_neg_0,0.75,8,False,False
0054_pos_0,0.75,8,False,False
0055_neg_0,0.625,8,False,False
0055_pos_0,1.0,8,True,False
0056_neg_0,0.625,8,False,False
0056_pos_0,1.0,8,True,False
0057_neg_0,1.0,8,True,False
0057_pos_0,1.0,8,True,False
0058_neg_0,0.625,8,False,False
0058_pos_0,0.75,8,False,False
0059_neg_0,0.875,8,False,False
0059_pos_0,0.875,8,False,False
0060_neg_0,0.5,8,False,False
0060_pos_0,0.875,8,False,False
0061_neg_0,0.75,8,False,False
0061_pos_0,0.625,8,False,False
0062_neg_0,0.625,8,False,False
0062_pos_0,0.625,8,False,False
0063_neg_0,0.625,8,False,False
0063_pos_0,1.0,8,True,False
0064_neg_0,0.375,8,False,False
0064_pos_0,1.0,8,True,False
0065_neg_0,0.75,8,False,False
0065_pos_0,0.625,8,False,False
0066_neg_0,0.625,8,False,False
0066_pos_0,0.75,8,False,False
0067_neg_0,0.625,8,False,False
0067_pos_0,0.875,8,False,False
0068_neg_0,0.75,8,False,False
0068_pos_0,0.625,8,False,False
0069_neg_0,0.75,8,False,False
0069_pos_0,0.625,8,False,False
0070_neg_0,0.875,8,False,False
0070_pos_0,0.5,8,False,False
0071_neg_0,0.75,8,False,False
0071_pos_0,0.75,8,False,False
0072_neg_0,0.875,8,False,False
0072_pos_0,1.0,8,True,False
0073_neg_0,0.875,8,False,False
0073_pos_0,0.75,8,False,False
0074_neg_0,0.75,8,False,False
0074_pos_0,0.75,8,False,False
0075_neg_0,0.75,8,False,False
0075_pos_0,0.75,8,False,False
0076_neg_0,0.625,8,False,False
0076_pos_0,0.375,8,False,False
0077_neg_0,0.75,8,False,False
0077_pos_0,0.875,8,False,False
0078_neg_0,0.875,8,False,False
0078_pos_0,0.75,8,False,False
0079_neg_0,0.375,8,False,False
0079_pos_0,0.875,8,False,False
0080_neg_0,1.0,8,True,False
0080_pos_0,0.875,8,False,False
0081_neg_0,0.875,8,False,False
0081_pos_0,0.625,8,False,False
0082_neg_0,0.125,8,False,False
0082_pos_0,0.625,8,False,False
0083_neg_0,0.5,8,False,False
0083_pos_0,1.0,8,True,False
0084_neg_0,0.25,8,False,False
0084_pos_0,0.75,8,False,False
0085_neg_0,0.875,8,False,False
0085_pos_0,0.625,8,False,False
0086_neg_0,0.75,8,False,False
0086_pos_0,0.75,8,False,False
0087_neg_0,0.875,8,False,False
0087_pos_0,0.875,8,False,False
0088_neg_0,1.0,8,True,False
0088_pos_0,0.875,8,False,False
0089_neg_0,0.875,8,False,False
0089_pos_0,0.875,8,False,False
0090_neg_0,0.875,8,False,False
0090_pos_0,0.875,8,False,False
0091_neg_0,0.75,8,False,False
0091_pos_0,0.875,8,False,False
0092_neg_0,1.0,8,True,False
0092_pos_0,0.625,8,False,False
0093_neg_0,0.5,8,False,False
0093_pos_0,0.875,8,False,False
0094_neg_0,0.75,8,False,False
0094_pos_0,0.625,8,False,False
0095_neg_0,0.5,8,False,False
0095_pos_0,0.625,8,False,False
0096_neg_0,0.75,8,False,False
0096_pos_0,0.875,8,False,False
0097_neg_0,0.625,8,False,False
0097_pos_0,0.625,8,False,False
0098_neg_0,0.25,8,False,False
0098_pos_0,0.5,8,False,False
0099_neg_0,0.25,8,False,False
0099_pos_0,1.0,8,True,False
0100_neg_0,0.875,8,False,False
0100_pos_0,0.5,8,False,False
0101_neg_0,0.625,8,False,False
0101_pos_0,0.25,8,False,False
0102_neg_0,0.75,8,False,False
0102_pos_0,0.875,8,False,False
0103_neg_0,0.625,8,False,False
0103_pos_0,0.875,8,False,False
0104_neg_0,0.5,8,False,False
0104_pos_0,0.75,8,False,False
0105_neg_0,0.875,8,False,False
0105_pos_0,0.75,8,False,False
0106_neg_0,0.75,8,False,False
0106_pos_0,0.5,8,False,False
0107_neg_0,0.75,8,False,False
0107_pos_0,0.875,8,False,False
0108_neg_0,0.75,8,False,False
0108_pos_0,0.75,8,False,False
0109_neg_0,0.875,8,False,False
0109_pos_0,0.625,8,False,False
0110_neg_0,0.875,8,False,False
0110_pos_0,1.0,8,True,False
0111_neg_0,0.375,8,False,False
0111_pos_0,0.75,8,False,False
0112_neg_0,0.375,8,False,False
0112_pos_0,0.625,8,False,False
0113_neg_0,0.625,8,False,False
0113_pos_0,0.875,8,False,False
0114_neg_0,0.625,8,False,False
0114_pos_0,0.625,8,False,False
0115_neg_0,0.875,8,False,False
0115_pos_0,0.75,8,False,False
0116_neg_0,0.625,8,False,False
0116_pos_0,0.75,8,False,False
0117_neg_0,0.375,8,False,False
0117_pos_0,0.625,8,False,False
0118_neg_0,0.75,8,False,False
0118_pos_0,0.875,8,False,False
0119_neg_0,0.875,8,False,False
0119_pos_0,0.625,8,False,False
0120_neg_0,0.75,8,False,False
0120_pos_0,0.625,8,False,False
0121_neg_0,0.375,8,False,False
0121_pos_0,0.5,8,False,False
0122_neg_0,0.25,8,False,False
0122_pos_0,0.75,8,False,False
0123_neg_0,0.75,8,False,False
0123_pos_0,0.625,8,False,False
0124_neg_0,0.625,8,False,False
0124_pos_0,0.875,8,False,False
0125_neg_0,0.75,8,False,False
0125_pos_0,0.625,8,False,False
0126_neg_0,0.875,8,False,False
0126_pos_0,0.5,8,False,False
0127_neg_0,0.875,8,False,False
0127_pos_0,0.875,8,False,False
0128_neg_0,0.875,8,False,False
0128_pos_0,0.625,8,False,False
0129_neg_0,0.5,8,False,False
0129_pos_0,0.75,8,False,False
0130_neg_0,0.75,8,False,False
0130_pos_0,0.75,8,False,False
0131_neg_0,0.625,8,False,False
0131_pos_0,0.75,8,False,False
0132_neg_0,0.875,8,False,False
0132_pos_0,0.625,8,False,False
0133_neg_0,0.5,8,False,False
0133_pos_0,0.75,8,False,False
0134_neg_0,0.5,8,False,False
0134_pos_0,0.75,8,False,False
0135_neg_0,0.75,8,False,False
0135_pos_0,0.875,8,False,False
0136_neg_0,0.625,8,False,False
0136_pos_0,0.25,8,False,False
0137_neg_0,0.875,8,False,False
0137_pos_0,0.75,8,False,False
0138_neg_0,1.0,8,True,False
0138_pos_0,0.625,8,False,False
0139_neg_0,0.5,8,False,False
0139_pos_0,0.875,8,False,False
0140_neg_0,0.875,8,False,False
0140_pos_0,0.625,8,False,False
0141_neg_0,0.625,8,False,False
0141_pos_0,0.875,8,False,False
0142_neg_0,0.875,8,False,False
0142_pos_0,0.75,8,False,False
0143_neg_0,0.625,8,False,False
0143_pos_0,0.75,8,False,False
0144_neg_0,0.625,8,False,False
0144_pos_0,0.75,8,False,False
0145_neg_0,0.75,8,False,False
0145_pos_0,0.75,8,False,False
0146_neg_0,0.875,8,False,False
0146_pos_0,0.5,8,False,False
0147_neg_0,0.5,8,False,False
0147_pos_0,0.75,8,False,False
0148_neg_0,0.625,8,False,False
0148_pos_0,0.625,8,False,False
0149_neg_0,0.625,8,False,False
0149_pos_0,0.75,8,False,False
0150_neg_0,0.875,8,False,False
0150_pos_0,0.75,8,False,False
0151_neg_0,0.75,8,False,False
0151_pos_0,0.875,8,False,False
0152_neg_0,0.75,8,False,False
0152_pos_0,0.75,8,False,False
0153_neg_0,0.5,8,False,False
0153_pos_0,0.625,8,False,False
0154_neg_0,0.625,8,False,False
0154_pos_0,0.75,8,False,False
0155_neg_0,0.875,8,False,False
0155_pos_0,0.625,8,False,False
0156_neg_0,0.75,8,False,False
0156_pos_0,0.625,8,False,False
0157_neg_0,0.75,8,False,False
0157_pos_0,0.875,8,False,False
0158_neg_0,0.625,8,False,False
0158_pos_0,1.0,8,True,False
0159_neg_0,0.625,8,False,False
0159_pos_0,0.875,8,False,False
0160_neg_0,0.875,8,False,False
0160_pos_0,0.625,8,False,False
0161_neg_0,0.625,8,False,False
0161_pos_0,0.75,8,False,False
0162_neg_0,0.75,8,False,False
0162_pos_0,0.625,8,False,False
0163_neg_0,0.75,8,False,False
0163_pos_0,0.875,8,False,False
0164_neg_0,0.875,8,False,False
0164_pos_0,0.625,8,False,False
0165_neg_0,0.75,8,False,False
0165_pos_0,0.75,8,False,False
0166_neg_0,0.75,8,False,False
0166_pos_0,1.0,8,True,False
0167_neg_0,0.75,8,False,False
0167_pos_0,0.75,8,False,False
0168_neg_0,0.75,8,False,False
0168_pos_0,0.625,8,False,False
0169_neg_0,0.625,8,False,False
0169_pos_0,0.875,8,False,False
0170_neg_0,0.5,8,False,False
0170_pos_0,0.625,8,False,False
0171_neg_0,0.875,8,False,False
0171_pos_0,0.875,8,False,False
0172_neg_0,0.625,8,False,False
0172_pos_0,0.5,8,False,False
0173_neg_0,0.75,8,False,False
0173_pos_0,0.5,8,False,False
0174_neg_0,0.375,8,False,False
0174_pos_0,0.875,8,False,False
0175_neg_0,0.5,8,False,False
0175_pos_0,0.75,8,False,False
0176_neg_0,0.5,8,False,False
0176_pos_0,0.625,8,False,False
0177_neg_0,0.5,8,False,False
0177_pos_0,0.25,8,False,False
0178_neg_0,0.5,8,False,False
0178_pos_0,0.75,8,False,False
0179_neg_0,0.625,8,False,False
0180_neg_0,0.875,8,False,False
0180_pos_0,0.875,8,False,False
0181_neg_0,0.875,8,False,False
0181_pos_0,0.875,8,False,False
0182_neg_0,0.25,8,False,False
0182_pos_0,0.75,8,False,False
0183_neg_0,0.875,8,False,False
0183_pos_0,0.5,8,False,False
0184_neg_0,0.75,8,False,False
0184_pos_0,0.5,8,False,False
0185_neg_0,0.875,8,False,False
0185_pos_0,0.5,8,False,False
0186_neg_0,0.875,8,False,False
0187_neg_0,0.875,8,False,False
0187_pos_0,0.625,8,False,False
0188_neg_0,0.625,8,False,False
0188_pos_0,0.625,8,False,False
0189_neg_0,0.625,8,False,False
0189_pos_0,0.5,8,False,False
0190_neg_0,1.0,8,True,False
0190_pos_0,0.75,8,False,False
0191_neg_0,0.625,8,False,False
0191_pos_0,0.625,8,False,False
0192_neg_0,0.875,8,False,False
0192_pos_0,0.75,8,False,False
0193_neg_0,0.5,8,False,False
0193_pos_0,0.75,8,False,False
0194_neg_0,0.5,8,False,False
0194_pos_0,0.75,8,False,False
0195_neg_0,1.0,8,True,False
0195_pos_0,0.625,8,False,False
0196_neg_0,0.75,8,False,False
0196_pos_0,0.75,8,False,False
0197_neg_0,0.75,8,False,False
0197_pos_0,0.625,8,False,False
0198_neg_0,0.75,8,False,False
0198_pos_0,0.625,8,False,False
0199_neg_0,0.75,8,False,False
0199_pos_0,0.625,8,False,False
0200_neg_0,0.625,8,False,False
0200_pos_0,0.75,8,False,False
0201_neg_0,0.625,8,False,False
0201_pos_0,0.625,8,False,False
0202_neg_0,0.625,8,False,False
0202_pos_0,0.625,8,False,False
0203_neg_0,0.875,8,False,False
0203_pos_0,0.5,8,False,False
0204_neg_0,0.75,8,False,False
0204_pos_0,0.75,8,False,False
0205_neg_0,1.0,8,True,False
0205_pos_0,0.75,8,False,False
0206_neg_0,0.75,8,False,False
0206_pos_0,0.875,8,False,False
0207_neg_0,0.875,8,False,False
0207_pos_0,0.625,8,False,False
0208_neg_0,0.75,8,False,False
0208_pos_0,0.5,8,False,False
0209_neg_0,0.625,8,False,False
0209_pos_0,0.75,8,False,False
0210_neg_0,0.625,8,False,False
0210_pos_0,0.75,8,False,False
0211_neg_0,0.75,8,False,False
0211_pos_0,0.75,8,False,False
0212_neg_0,0.75,8,False,False
0212_pos_0,0.625,8,False,False
0213_neg_0,0.5,8,False,False
0213_pos_0,0.5,8,False,False
0214_neg_0,0.875,8,False,False
0214_pos_0,0.75,8,False,False
0215_neg_0,0.375,8,False,False
0215_pos_0,0.625,8,False,False
0216_neg_0,0.875,8,False,False
0216_pos_0,0.625,8,False,False
0217_neg_0,0.75,8,False,False
0217_pos_0,0.5,8,False,False
0218_neg_0,0.375,8,False,False
0218_pos_0,0.875,8,False,False
0219_neg_0,0.875,8,False,False
0219_pos_0,0.5,8,False,False
0220_neg_0,0.75,8,False,False
0220_pos_0,0.5,8,False,False
0221_neg_0,0.625,8,False,False
0221_pos_0,0.5,8,False,False
0222_neg_0,0.625,8,False,False
0222_pos_0,0.375,8,False,False
0223_neg_0,0.875,8,False,False
0223_pos_0,0.5,8,False,False
0224_neg_0,0.5,8,False,False
0224_pos_0,0.625,8,False,False
0225_neg_0,0.5,8,False,False
0225_pos_0,0.625,8,False,False
0226_neg_0,0.875,8,False,False
0226_pos_0,0.75,8,False,False
0227_neg_0,0.875,8,False,False
0227_pos_0,0.75,8,False,False
0228_neg_0,0.875,8,False,False
0228_pos_0,0.5,8,False,False
0229_neg_0,1.0,8,True,False
0229_pos_0,0.875,8,False,False
0230_neg_0,0.75,8,False,False
0230_pos_0,0.625,8,False,False
0231_neg_0,0.75,8,False,False
0231_pos_0,0.875,8,False,False
0232_neg_0,0.75,8,False,False
0232_pos_0,0.375,8,False,False
0234_neg_0,0.5,8,False,False
0234_pos_0,1.0,8,True,False
0235_neg_0,0.875,8,False,False
0235_pos_0,0.75,8,False,False
0236_neg_0,0.75,8,False,False
0236_pos_0,0.25,8,False,False
0237_neg_0,0.625,8,False,False
0237_pos_0,0.5,8,False,False
0238_neg_0,0.75,8,False,False
0238_pos_0,0.5,8,False,False
0239_neg_0,0.75,8,False,False
0239_pos_0,0.875,8,False,False
0240_neg_0,0.75,8,False,False
0240_pos_0,0.75,8,False,False
