split,test_id
sosa,person_carrot_hold_neg_0
sosa,person_hot_dog_hold_neg_0
sosa,person_bed_sit_on_neg_1
sosa,person_cat_hug_neg_1
sosa,person_dog_pet_neg_1
sosa,person_bicycle_jump_pos_1
sosa,person_umbrella_stand_under_neg_2
sosa,person_banana_peel_neg_2
sosa,person_sandwich_hold_neg_2
soua,person_boat_stand_on_neg_0
soua,person_sports_ball_serve_pos_0
soua,person_motorcycle_push_pos_1
soua,person_knife_stick_pos_2
soua,person_motorcycle_push_pos_2
soua,person_boat_row_pos_4
soua,person_boat_stand_on_neg_7
soua,person_laptop_read_neg_7
soua,person_motorcycle_push_pos_8
soua,person_knife_wield_pos_11
soua,person_knife_wield_pos_12
soua,person_knife_wield_pos_13
soua,person_motorcycle_turn_pos_14
soua,person_knife_stick_pos_15
soua,person_knife_wield_pos_18
soua,person_knife_stick_pos_19
soua,person_knife_wield_pos_21
soua,person_skateboard_grind_neg_22
soua,person_knife_stick_pos_23
soua,person_knife_stick_pos_24
uosa,person_scissors_cut_with_pos_0
uosa,person_surfboard_jump_pos_0
uosa,person_toothbrush_hold_pos_0
uosa,person_toothbrush_hold_pos_3
uosa,person_surfboard_carry_neg_4
uosa,person_handbag_hold_neg_6
uosa,person_handbag_carry_neg_7
uosa,person_mouse_hold_neg_9
uosa,person_chair_sit_on_pos_11
uosa,person_couch_sit_on_neg_12
uoua,person_apple_pick_pos_2
uoua,person_apple_hold_and_about_to_eat_pos_3
uoua,person_apple_peel_or_cut_neg_5
uoua,person_mouse_use_pos_8
uoua,person_apple_hold_and_about_to_eat_pos_8
uoua,person_toothbrush_brush_with_neg_8
uoua,person_tie_adjust_or_tie_pos_9
uoua,person_tie_adjust_or_tie_pos_10
uoua,person_tie_help_adjust_or_tie_pos_14
uoua,person_tennis_racket_swing_neg_16
uoua,person_apple_pick_pos_18
uoua,person_tie_help_adjust_or_tie_pos_19
