scope,contrast,n,acc_a,acc_b,delta,lo,hi,cluster_p,fix,brk,d_a,d_b
sosa,staging,420,85.0,84.76190476190476,-0.2380952380952381,-3.132530120481928,2.7027027027027026,1.0,23,24,2.0593642214851924,2.06635173885492
sosa,representation,415,87.46987951807229,84.81927710843374,-2.6506024096385543,-6.075949367088607,0.7407407407407408,0.17147828521714784,23,34,2.2962667884496586,2.0681748987573236
sosa,total,492,88.00813008130082,85.16260162601627,-2.8455284552845526,-5.708802024746907,0.0,0.07515924840751592,18,32,2.341260397686338,2.076566382999333
soua,staging,457,78.7746170678337,77.24288840262582,-1.5317286652078774,-3.8938627743937477,2.247281332418077,0.45944540554594454,18,25,1.7183843590721366,1.638298464948901
soua,representation,449,83.74164810690424,77.28285077951003,-6.45879732739421,-10.96938775510204,-1.1068083208304638,0.06118938810611894,26,55,2.014702017520646,1.6349289510248597
soua,total,482,82.98755186721992,76.76348547717843,-6.224066390041494,-9.836065573770492,-2.9535475734504186,0.003879961200387996,19,49,1.986511637014116,1.6355383048979788
uosa,staging,452,76.99115044247787,78.53982300884957,1.5486725663716814,-1.9912469931366275,5.496463272007557,0.5312746872531274,28,21,1.4715111612154308,1.5960230142343579
uosa,representation,444,81.98198198198197,78.15315315315316,-3.8288288288288284,-7.738141309155242,0.0,0.08594914050859491,26,43,1.8196638012512865,1.5689151075428405
uosa,total,485,82.2680412371134,77.93814432989691,-4.329896907216495,-7.959183673469387,-0.6368753450667252,0.04964950350496495,25,46,1.8421036654898666,1.536484431579503
uoua,staging,454,79.73568281938326,77.75330396475772,-1.9823788546255507,-5.194805194805195,1.8231103403890132,0.37023629763702365,15,24,1.8096325281441066,1.6925219255290966
uoua,representation,452,85.84070796460178,77.87610619469027,-7.964601769911504,-12.362662337662337,-4.123559733171621,0.0014599854001459986,19,55,2.1781382783806844,1.6973135598783706
uoua,total,486,86.0082304526749,79.83539094650206,-6.172839506172839,-12.97547479651578,-0.828148780387479,0.044629553704462956,16,46,2.187955771387479,1.8098523265876387
pooled,staging,1783,80.03365114974763,79.47279865395402,-0.5608524957936063,-2.177869931615539,1.240698287939159,0.5708442915570844,84,94,1.7240645551251335,1.729449947816847
pooled,representation,1760,84.7159090909091,79.43181818181819,-5.284090909090909,-7.361970668206143,-3.167275106764019,1.999980000199998e-05,94,187,2.0628522756735723,1.7235499387801947
pooled,total,1945,84.83290488431876,79.94858611825192,-4.884318766066838,-6.962347364076909,-2.886319114881433,9.99990000099999e-06,78,173,2.073720736649845,1.7249799891167004
pooled-strict,staging,1796,79.9554565701559,78.89755011135857,-1.0579064587973273,-2.7462710679237095,0.8220817021410134,0.26654733452665474,84,103,1.716002935168659,1.7207471399903782
pooled-strict,representation,1773,84.7151720248167,78.84940778341793,-5.865764241398759,-7.958939683508236,-3.7189880480665045,9.99990000099999e-06,94,198,2.0611897028249024,1.7147145212147747
pooled-strict,total,1945,84.83290488431876,79.94858611825192,-4.884318766066838,-6.921033326346677,-2.9063374326694293,9.99990000099999e-06,78,173,2.073720736649845,1.7249799891167004
dimension,action-A (sosa+uosa),859,84.63329452852155,81.37369033760187,-3.259604190919674,-5.806639159789947,-0.7040818836183595,0.02015979840201598,49,77,2.035735184585108,1.8025646067804026
dimension,action-B (soua+uoua),901,84.79467258601554,77.58046614872363,-7.214206437291898,-10.345106572927127,-4.189013369173478,0.0002899971000289997,45,110,2.1024578879391167,1.6716692656654633
dimension,object-A (sosa+soua),864,85.5324074074074,80.90277777777779,-4.62962962962963,-7.489074801850132,-1.3333333333333335,0.013859861401385986,49,89,2.1499390848389295,1.8283903402771582
dimension,object-B (uosa+uoua),896,83.92857142857143,78.01339285714286,-5.915178571428571,-8.781213873288195,-3.166167285303282,0.00034999650003499967,45,98,1.9822045262876642,1.621455614779782
